date,region,marriages
2006-01-01,Архангельская область,492
2006-02-01,Архангельская область,567
2006-03-01,Архангельская область,737
2006-04-01,Архангельская область,756
2006-05-01,Архангельская область,280
2006-06-01,Архангельская область,982
2006-07-01,Архангельская область,1162
2006-08-01,Архангельская область,1286
2006-09-01,Архангельская область,1167
2006-10-01,Архангельская область,755
2006-11-01,Архангельская область,777
2006-12-01,Архангельская область,843
2007-01-01,Архангельская область,507
2007-02-01,Архангельская область,615
2007-03-01,Архангельская область,783
2007-04-01,Архангельская область,833
2007-05-01,Архангельская область,297
2007-06-01,Архангельская область,1110
2007-07-01,Архангельская область,1306
2007-08-01,Архангельская область,1371
2007-09-01,Архангельская область,1190
2007-10-01,Архангельская область,791
2007-11-01,Архангельская область,989
2007-12-01,Архангельская область,1502
2008-01-01,Архангельская область,476
2008-02-01,Архангельская область,563
2008-03-01,Архангельская область,814
2008-04-01,Архангельская область,674
2008-05-01,Архангельская область,411
2008-06-01,Архангельская область,979
2008-07-01,Архангельская область,1047
2008-08-01,Архангельская область,1620
2008-09-01,Архангельская область,1080
2008-10-01,Архангельская область,721
2008-11-01,Архангельская область,855
2008-12-01,Архангельская область,794
2009-01-01,Архангельская область,569
2009-02-01,Архангельская область,789
2009-03-01,Архангельская область,740
2009-04-01,Архангельская область,879
2009-05-01,Архангельская область,351
2009-06-01,Архангельская область,1036
2009-07-01,Архангельская область,1210
2009-08-01,Архангельская область,1393
2009-09-01,Архангельская область,1083
2009-10-01,Архангельская область,959
2009-11-01,Архангельская область,761
2009-12-01,Архангельская область,819
2010-01-01,Архангельская область,590
2010-02-01,Архангельская область,701
2010-03-01,Архангельская область,746
2010-04-01,Архангельская область,973
2010-05-01,Архангельская область,345
2010-06-01,Архангельская область,1092
2010-07-01,Архангельская область,1474
2010-08-01,Архангельская область,1362
2010-09-01,Архангельская область,1118
2010-10-01,Архангельская область,944
2010-11-01,Архангельская область,742
2010-12-01,Архангельская область,841
2011-01-01,Архангельская область,478
2011-02-01,Архангельская область,694
2011-03-01,Архангельская область,779
2011-04-01,Архангельская область,818
2011-05-01,Архангельская область,317
2011-06-01,Архангельская область,1181
2011-07-01,Архангельская область,1535
2011-08-01,Архангельская область,1521
2011-09-01,Архангельская область,1247
2011-10-01,Архангельская область,914
2011-11-01,Архангельская область,1064
2011-12-01,Архангельская область,1329
2012-01-01,Архангельская область,449
2012-02-01,Архангельская область,562
2012-03-01,Архангельская область,665
2012-04-01,Архангельская область,695
2012-05-01,Архангельская область,314
2012-06-01,Архангельская область,1133
2012-07-01,Архангельская область,1240
2012-08-01,Архангельская область,1340
2012-09-01,Архангельская область,1060
2012-10-01,Архангельская область,783
2012-11-01,Архангельская область,673
2012-12-01,Архангельская область,847
2013-01-01,Архангельская область,480
2013-02-01,Архангельская область,617
2013-03-01,Архангельская область,863
2013-04-01,Архангельская область,637
2013-05-01,Архангельская область,328
2013-06-01,Архангельская область,1121
2013-07-01,Архангельская область,1313
2013-08-01,Архангельская область,1413
2013-09-01,Архангельская область,1019
2013-10-01,Архангельская область,751
2013-11-01,Архангельская область,762
2013-12-01,Архангельская область,768
2014-01-01,Архангельская область,488
2014-02-01,Архангельская область,738
2014-03-01,Архангельская область,724
2014-04-01,Архангельская область,737
2014-05-01,Архангельская область,378
2014-06-01,Архангельская область,1093
2014-07-01,Архангельская область,1261
2014-08-01,Архангельская область,1346
2014-09-01,Архангельская область,961
2014-10-01,Архангельская область,741
2014-11-01,Архангельская область,636
2014-12-01,Архангельская область,759
2015-01-01,Архангельская область,453
2015-02-01,Архангельская область,573
2015-03-01,Архангельская область,498
2015-04-01,Архангельская область,634
2015-05-01,Архангельская область,306
2015-06-01,Архангельская область,875
2015-07-01,Архангельская область,1183
2015-08-01,Архангельская область,1246
2015-09-01,Архангельская область,865
2015-10-01,Архангельская область,744
2015-11-01,Архангельская область,663
2015-12-01,Архангельская область,973
2016-01-01,Архангельская область,380
2016-02-01,Архангельская область,467
2016-03-01,Архангельская область,513
2016-04-01,Архангельская область,497
2016-05-01,Архангельская область,322
2016-06-01,Архангельская область,864
2016-07-01,Архангельская область,1059
2016-08-01,Архангельская область,952
2016-09-01,Архангельская область,734
2016-10-01,Архангельская область,515
2016-11-01,Архангельская область,480
2016-12-01,Архангельская область,524
2017-01-01,Архангельская область,415
2006-01-01,Москва,3906
2006-02-01,Москва,4247
2006-03-01,Москва,4500
2006-04-01,Москва,6072
2006-05-01,Москва,3100
2006-06-01,Москва,8748
2006-07-01,Москва,9321
2006-08-01,Москва,9872
2006-09-01,Москва,10395
2006-10-01,Москва,6825
2006-11-01,Москва,5734
2006-12-01,Москва,6041
2007-01-01,Москва,4084
2007-02-01,Москва,4678
2007-03-01,Москва,4651
2007-04-01,Москва,7714
2007-05-01,Москва,3489
2007-06-01,Москва,9134
2007-07-01,Москва,10246
2007-08-01,Москва,10815
2007-09-01,Москва,10553
2007-10-01,Москва,7523
2007-11-01,Москва,7298
2007-12-01,Москва,7875
2008-01-01,Москва,4301
2008-02-01,Москва,4685
2008-03-01,Москва,5846
2008-04-01,Москва,5294
2008-05-01,Москва,4601
2008-06-01,Москва,8847
2008-07-01,Москва,9115
2008-08-01,Москва,12460
2008-09-01,Москва,9487
2008-10-01,Москва,7534
2008-11-01,Москва,6526
2008-12-01,Москва,5332
2009-01-01,Москва,5386
2009-02-01,Москва,5874
2009-03-01,Москва,4613
2009-04-01,Москва,7695
2009-05-01,Москва,4600
2009-06-01,Москва,9690
2009-07-01,Москва,10981
2009-08-01,Москва,11781
2009-09-01,Москва,11181
2009-10-01,Москва,8446
2009-11-01,Москва,5986
2009-12-01,Москва,6089
2010-01-01,Москва,4997
2010-02-01,Москва,4873
2010-03-01,Москва,3642
2010-04-01,Москва,9698
2010-05-01,Москва,3726
2010-06-01,Москва,9148
2010-07-01,Москва,12473
2010-08-01,Москва,10882
2010-09-01,Москва,10736
2010-10-01,Москва,8862
2010-11-01,Москва,6080
2010-12-01,Москва,6023
2011-01-01,Москва,4519
2011-02-01,Москва,5176
2011-03-01,Москва,5292
2011-04-01,Москва,7128
2011-05-01,Москва,4767
2011-06-01,Москва,11127
2011-07-01,Москва,12024
2011-08-01,Москва,11785
2011-09-01,Москва,12657
2011-10-01,Москва,8909
2011-11-01,Москва,8148
2011-12-01,Москва,7959
2012-01-01,Москва,4117
2012-02-01,Москва,5539
2012-03-01,Москва,4438
2012-04-01,Москва,7582
2012-05-01,Москва,4310
2012-06-01,Москва,11269
2012-07-01,Москва,10693
2012-08-01,Москва,12732
2012-09-01,Москва,11479
2012-10-01,Москва,7407
2012-11-01,Москва,6179
2012-12-01,Москва,7098
2013-01-01,Москва,4123
2013-02-01,Москва,5007
2013-03-01,Москва,7165
2013-04-01,Москва,5489
2013-05-01,Москва,4650
2013-06-01,Москва,11998
2013-07-01,Москва,11287
2013-08-01,Москва,13915
2013-09-01,Москва,11398
2013-10-01,Москва,7836
2013-11-01,Москва,7260
2013-12-01,Москва,6462
2014-01-01,Москва,4702
2014-02-01,Москва,6341
2014-03-01,Москва,5889
2014-04-01,Москва,7576
2014-05-01,Москва,5890
2014-06-01,Москва,10276
2014-07-01,Москва,12156
2014-08-01,Москва,13823
2014-09-01,Москва,11030
2014-10-01,Москва,9761
2014-11-01,Москва,6705
2014-12-01,Москва,6334
2015-01-01,Москва,4983
2015-02-01,Москва,5807
2015-03-01,Москва,4890
2015-04-01,Москва,8653
2015-05-01,Москва,5482
2015-06-01,Москва,10150
2015-07-01,Москва,12550
2015-08-01,Москва,12495
2015-09-01,Москва,11515
2015-10-01,Москва,9164
2015-11-01,Москва,6566
2015-12-01,Москва,7465
2016-01-01,Москва,4332
2016-02-01,Москва,4944
2016-03-01,Москва,5289
2016-04-01,Москва,5256
2016-05-01,Москва,4660
2016-06-01,Москва,10636
2016-07-01,Москва,12289
2016-08-01,Москва,11196
2016-09-01,Москва,9807
2016-10-01,Москва,6999
2016-11-01,Москва,4996
2016-12-01,Москва,5443
2017-01-01,Москва,4112
