secid,shortname,regnumber,name,isin,is_traded,emitent_id,emitent_title,emitent_inn,emitent_okpo,type,group,primary_boardid,marketprice_boardid,_query,_strategy,option_type,strike,expiry_date
IM2600CE6,IMOEXP200526CE2600,,Прем. европ. Call 2600 с исп. 20 мая на IMOEX,,1,,,,,option_on_indices,futures_options,ROPD,,IMOEXP,base_query,C,2600.0,2026-05-20
IM2650CE6,IMOEXP200526CE2650,,Прем. европ. Call 2650 с исп. 20 мая на IMOEX,,1,,,,,option_on_indices,futures_options,ROPD,,IMOEXP,base_query,C,2650.0,2026-05-20
IM2700CE6,IMOEXP200526CE2700,,Прем. европ. Call 2700 с исп. 20 мая на IMOEX,,1,,,,,option_on_indices,futures_options,ROPD,,IMOEXP,base_query,C,2700.0,2026-05-20
IM2600CE6A,IMOEXP060526CE2600,,Нед. прем. европ. Call 2600 с исп. 6 мая на IMOEX,,0,,,,,option_on_indices,futures_options,ROPD,,IMOEXP,base_query,C,2600.0,2026-05-06
IM2850CQ6A,IMOEXP060526PE2850,,Нед. прем. европ. Put 2850 с исп. 6 мая на IMOEX,,0,,,,,option_on_indices,futures_options,ROPD,,IMOEXP,base_query,P,2850.0,2026-05-06
IM2650CQ6,IMOEXP200526PE2650,,Прем. европ. Put 2650 с исп. 20 мая на IMOEX,,1,,,,,option_on_indices,futures_options,ROPD,,IMOEXP,base_query,P,2650.0,2026-05-20
IM2750CE6,IMOEXP200526CE2750,,Прем. европ. Call 2750 с исп. 20 мая на IMOEX,,1,,,,,option_on_indices,futures_options,ROPD,,IMOEXP,base_query,C,2750.0,2026-05-20
IM2800CE6,IMOEXP200526CE2800,,Прем. европ. Call 2800 с исп. 20 мая на IMOEX,,1,,,,,option_on_indices,futures_options,ROPD,,IMOEXP,base_query,C,2800.0,2026-05-20
IM2750CQ6,IMOEXP200526PE2750,,Прем. европ. Put 2750 с исп. 20 мая на IMOEX,,1,,,,,option_on_indices,futures_options,ROPD,,IMOEXP,base_query,P,2750.0,2026-05-20
IM2850CQ6,IMOEXP200526PE2850,,Прем. европ. Put 2850 с исп. 20 мая на IMOEX,,1,,,,,option_on_indices,futures_options,ROPD,,IMOEXP,base_query,P,2850.0,2026-05-20
IM2500CE6,IMOEXP200526CE2500,,Прем. европ. Call 2500 с исп. 20 мая на IMOEX,,1,,,,,option_on_indices,futures_options,ROPD,,IMOEXP,base_query,C,2500.0,2026-05-20
IM2600CD6E,IMOEXP290426CE2600,,Нед. прем. европ. Call 2600 с исп. 29 апр. на IMOEX,,0,,,,,option_on_indices,futures_options,ROPD,,IMOEXP,base_query,C,2600.0,2026-04-29
IM2650CE6A,IMOEXP060526CE2650,,Нед. прем. европ. Call 2650 с исп. 6 мая на IMOEX,,0,,,,,option_on_indices,futures_options,ROPD,,IMOEXP,base_query,C,2650.0,2026-05-06
IM2700CQ6,IMOEXP200526PE2700,,Прем. европ. Put 2700 с исп. 20 мая на IMOEX,,1,,,,,option_on_indices,futures_options,ROPD,,IMOEXP,base_query,P,2700.0,2026-05-20
IM2750CD6D,IMOEXP220426CE2750,,Нед. прем. европ. Call 2750 с исп. 22 апр. на IMOEX,,0,,,,,option_on_indices,futures_options,ROPD,,IMOEXP,base_query,C,2750.0,2026-04-22
IM2800CQ6A,IMOEXP060526PE2800,,Нед. прем. европ. Put 2800 с исп. 6 мая на IMOEX,,0,,,,,option_on_indices,futures_options,ROPD,,IMOEXP,base_query,P,2800.0,2026-05-06
IM2500CE6A,IMOEXP060526CE2500,,Нед. прем. европ. Call 2500 с исп. 6 мая на IMOEX,,0,,,,,option_on_indices,futures_options,ROPD,,IMOEXP,base_query,C,2500.0,2026-05-06
IM2550CE6,IMOEXP200526CE2550,,Прем. европ. Call 2550 с исп. 20 мая на IMOEX,,1,,,,,option_on_indices,futures_options,ROPD,,IMOEXP,base_query,C,2550.0,2026-05-20
IM2700CD6E,IMOEXP290426CE2700,,Нед. прем. европ. Call 2700 с исп. 29 апр. на IMOEX,,0,,,,,option_on_indices,futures_options,ROPD,,IMOEXP,base_query,C,2700.0,2026-04-29
IM2850CP6E,IMOEXP290426PE2850,,Нед. прем. европ. Put 2850 с исп. 29 апр. на IMOEX,,0,,,,,option_on_indices,futures_options,ROPD,,IMOEXP,base_query,P,2850.0,2026-04-29
IM2900CQ6,IMOEXP200526PE2900,,Прем. европ. Put 2900 с исп. 20 мая на IMOEX,,1,,,,,option_on_indices,futures_options,ROPD,,IMOEXP,base_query,P,2900.0,2026-05-20
IM2900CQ6A,IMOEXP060526PE2900,,Нед. прем. европ. Put 2900 с исп. 6 мая на IMOEX,,0,,,,,option_on_indices,futures_options,ROPD,,IMOEXP,base_query,P,2900.0,2026-05-06
IM2650CD6D,IMOEXP220426CE2650,,Нед. прем. европ. Call 2650 с исп. 22 апр. на IMOEX,,0,,,,,option_on_indices,futures_options,ROPD,,IMOEXP,base_query,C,2650.0,2026-04-22
IM2700CE6A,IMOEXP060526CE2700,,Нед. прем. европ. Call 2700 с исп. 6 мая на IMOEX,,0,,,,,option_on_indices,futures_options,ROPD,,IMOEXP,base_query,C,2700.0,2026-05-06
IM2750CD6E,IMOEXP290426CE2750,,Нед. прем. европ. Call 2750 с исп. 29 апр. на IMOEX,,0,,,,,option_on_indices,futures_options,ROPD,,IMOEXP,base_query,C,2750.0,2026-04-29
IM2850CE6,IMOEXP200526CE2850,,Прем. европ. Call 2850 с исп. 20 мая на IMOEX,,1,,,,,option_on_indices,futures_options,ROPD,,IMOEXP,base_query,C,2850.0,2026-05-20
IM2600CQ6,IMOEXP200526PE2600,,Прем. европ. Put 2600 с исп. 20 мая на IMOEX,,1,,,,,option_on_indices,futures_options,ROPD,,IMOEXP,base_query,P,2600.0,2026-05-20
IM2650CD6E,IMOEXP290426CE2650,,Нед. прем. европ. Call 2650 с исп. 29 апр. на IMOEX,,0,,,,,option_on_indices,futures_options,ROPD,,IMOEXP,base_query,C,2650.0,2026-04-29
IM2700CQ6A,IMOEXP060526PE2700,,Нед. прем. европ. Put 2700 с исп. 6 мая на IMOEX,,0,,,,,option_on_indices,futures_options,ROPD,,IMOEXP,base_query,P,2700.0,2026-05-06
IM2800CQ6,IMOEXP200526PE2800,,Прем. европ. Put 2800 с исп. 20 мая на IMOEX,,1,,,,,option_on_indices,futures_options,ROPD,,IMOEXP,base_query,P,2800.0,2026-05-20
IM2850CP6D,IMOEXP220426PE2850,,Нед. прем. европ. Put 2850 с исп. 22 апр. на IMOEX,,0,,,,,option_on_indices,futures_options,ROPD,,IMOEXP,base_query,P,2850.0,2026-04-22
IM2900CP6E,IMOEXP290426PE2900,,Нед. прем. европ. Put 2900 с исп. 29 апр. на IMOEX,,0,,,,,option_on_indices,futures_options,ROPD,,IMOEXP,base_query,P,2900.0,2026-04-29
IM2600CD6D,IMOEXP220426CE2600,,Нед. прем. европ. Call 2600 с исп. 22 апр. на IMOEX,,0,,,,,option_on_indices,futures_options,ROPD,,IMOEXP,base_query,C,2600.0,2026-04-22
IM2600CE6D,IMOEXP270526CE2600,,Нед. прем. европ. Call 2600 с исп. 27 мая на IMOEX,,1,,,,,option_on_indices,futures_options,ROPD,,IMOEXP,base_query,C,2600.0,2026-05-27
IM2700CD6D,IMOEXP220426CE2700,,Нед. прем. европ. Call 2700 с исп. 22 апр. на IMOEX,,0,,,,,option_on_indices,futures_options,ROPD,,IMOEXP,base_query,C,2700.0,2026-04-22
IM2900CP6D,IMOEXP220426PE2900,,Нед. прем. европ. Put 2900 с исп. 22 апр. на IMOEX,,0,,,,,option_on_indices,futures_options,ROPD,,IMOEXP,base_query,P,2900.0,2026-04-22
IM2550CE6A,IMOEXP060526CE2550,,Нед. прем. европ. Call 2550 с исп. 6 мая на IMOEX,,0,,,,,option_on_indices,futures_options,ROPD,,IMOEXP,base_query,C,2550.0,2026-05-06
IM2550CE6D,IMOEXP270526CE2550,,Нед. прем. европ. Call 2550 с исп. 27 мая на IMOEX,,1,,,,,option_on_indices,futures_options,ROPD,,IMOEXP,base_query,C,2550.0,2026-05-27
IM2750CF6,IMOEXP170626CE2750,,Прем. европ. Call 2750 с исп. 17 июня на IMOEX,,1,,,,,option_on_indices,futures_options,ROPD,,IMOEXP,base_query,C,2750.0,2026-06-17
IM2750CQ6A,IMOEXP060526PE2750,,Нед. прем. европ. Put 2750 с исп. 6 мая на IMOEX,,0,,,,,option_on_indices,futures_options,ROPD,,IMOEXP,base_query,P,2750.0,2026-05-06
IM2900CE6,IMOEXP200526CE2900,,Прем. европ. Call 2900 с исп. 20 мая на IMOEX,,1,,,,,option_on_indices,futures_options,ROPD,,IMOEXP,base_query,C,2900.0,2026-05-20
IM3000CQ6,IMOEXP200526PE3000,,Прем. европ. Put 3000 с исп. 20 мая на IMOEX,,1,,,,,option_on_indices,futures_options,ROPD,,IMOEXP,base_query,P,3000.0,2026-05-20
IM2500CQ6,IMOEXP200526PE2500,,Прем. европ. Put 2500 с исп. 20 мая на IMOEX,,1,,,,,option_on_indices,futures_options,ROPD,,IMOEXP,base_query,P,2500.0,2026-05-20
IM2550CQ6,IMOEXP200526PE2550,,Прем. европ. Put 2550 с исп. 20 мая на IMOEX,,1,,,,,option_on_indices,futures_options,ROPD,,IMOEXP,base_query,P,2550.0,2026-05-20
IM2650CD6,IMOEXP150426CE2650,,Прем. европ. Call 2650 с исп. 15 апр. на IMOEX,,0,,,,,option_on_indices,futures_options,ROPD,,IMOEXP,base_query,C,2650.0,2026-04-15
IM2650CE6D,IMOEXP270526CE2650,,Нед. прем. европ. Call 2650 с исп. 27 мая на IMOEX,,1,,,,,option_on_indices,futures_options,ROPD,,IMOEXP,base_query,C,2650.0,2026-05-27
IM2700CD6,IMOEXP150426CE2700,,Прем. европ. Call 2700 с исп. 15 апр. на IMOEX,,0,,,,,option_on_indices,futures_options,ROPD,,IMOEXP,base_query,C,2700.0,2026-04-15
IM2800CP6E,IMOEXP290426PE2800,,Нед. прем. европ. Put 2800 с исп. 29 апр. на IMOEX,,0,,,,,option_on_indices,futures_options,ROPD,,IMOEXP,base_query,P,2800.0,2026-04-29
IM2950CQ6,IMOEXP200526PE2950,,Прем. европ. Put 2950 с исп. 20 мая на IMOEX,,1,,,,,option_on_indices,futures_options,ROPD,,IMOEXP,base_query,P,2950.0,2026-05-20
IM2450CE6,IMOEXP200526CE2450,,Прем. европ. Call 2450 с исп. 20 мая на IMOEX,,1,,,,,option_on_indices,futures_options,ROPD,,IMOEXP,base_query,C,2450.0,2026-05-20
IM2500CE6D,IMOEXP270526CE2500,,Нед. прем. европ. Call 2500 с исп. 27 мая на IMOEX,,1,,,,,option_on_indices,futures_options,ROPD,,IMOEXP,base_query,C,2500.0,2026-05-27
IM2650CQ6A,IMOEXP060526PE2650,,Нед. прем. европ. Put 2650 с исп. 6 мая на IMOEX,,0,,,,,option_on_indices,futures_options,ROPD,,IMOEXP,base_query,P,2650.0,2026-05-06
IM2700CP6E,IMOEXP290426PE2700,,Нед. прем. европ. Put 2700 с исп. 29 апр. на IMOEX,,0,,,,,option_on_indices,futures_options,ROPD,,IMOEXP,base_query,P,2700.0,2026-04-29
IM2750CP6,IMOEXP150426PE2750,,Прем. европ. Put 2750 с исп. 15 апр. на IMOEX,,0,,,,,option_on_indices,futures_options,ROPD,,IMOEXP,base_query,P,2750.0,2026-04-15
IM2800CD6,IMOEXP150426CE2800,,Прем. европ. Call 2800 с исп. 15 апр. на IMOEX,,0,,,,,option_on_indices,futures_options,ROPD,,IMOEXP,base_query,C,2800.0,2026-04-15
IM2800CP6D,IMOEXP220426PE2800,,Нед. прем. европ. Put 2800 с исп. 22 апр. на IMOEX,,0,,,,,option_on_indices,futures_options,ROPD,,IMOEXP,base_query,P,2800.0,2026-04-22
IM2600CD6,IMOEXP150426CE2600,,Прем. европ. Call 2600 с исп. 15 апр. на IMOEX,,0,,,,,option_on_indices,futures_options,ROPD,,IMOEXP,base_query,C,2600.0,2026-04-15
IM2600CF6A,IMOEXP030626CE2600,,Нед. прем. европ. Call 2600 с исп. 3 июня на IMOEX,,1,,,,,option_on_indices,futures_options,ROPD,,IMOEXP,base_query,C,2600.0,2026-06-03
IM2650CF6A,IMOEXP030626CE2650,,Нед. прем. европ. Call 2650 с исп. 3 июня на IMOEX,,1,,,,,option_on_indices,futures_options,ROPD,,IMOEXP,base_query,C,2650.0,2026-06-03
IM2700CE6D,IMOEXP270526CE2700,,Нед. прем. европ. Call 2700 с исп. 27 мая на IMOEX,,1,,,,,option_on_indices,futures_options,ROPD,,IMOEXP,base_query,C,2700.0,2026-05-27
IM2750CP6E,IMOEXP290426PE2750,,Нед. прем. европ. Put 2750 с исп. 29 апр. на IMOEX,,0,,,,,option_on_indices,futures_options,ROPD,,IMOEXP,base_query,P,2750.0,2026-04-29
IM2800CD6D,IMOEXP220426CE2800,,Нед. прем. европ. Call 2800 с исп. 22 апр. на IMOEX,,0,,,,,option_on_indices,futures_options,ROPD,,IMOEXP,base_query,C,2800.0,2026-04-22
IM2850CQ6D,IMOEXP270526PE2850,,Нед. прем. европ. Put 2850 с исп. 27 мая на IMOEX,,1,,,,,option_on_indices,futures_options,ROPD,,IMOEXP,base_query,P,2850.0,2026-05-27
IM3000CQ6A,IMOEXP060526PE3000,,Нед. прем. европ. Put 3000 с исп. 6 мая на IMOEX,,0,,,,,option_on_indices,futures_options,ROPD,,IMOEXP,base_query,P,3000.0,2026-05-06
IM2550CE6B,IMOEXP130526CE2550,,Нед. прем. европ. Call 2550 с исп. 13 мая на IMOEX,,0,,,,,option_on_indices,futures_options,ROPD,,IMOEXP,base_query,C,2550.0,2026-05-13
IM2600CE6B,IMOEXP130526CE2600,,Нед. прем. европ. Call 2600 с исп. 13 мая на IMOEX,,0,,,,,option_on_indices,futures_options,ROPD,,IMOEXP,base_query,C,2600.0,2026-05-13
IM2600CQ6B,IMOEXP130526PE2600,,Нед. прем. европ. Put 2600 с исп. 13 мая на IMOEX,,0,,,,,option_on_indices,futures_options,ROPD,,IMOEXP,base_query,P,2600.0,2026-05-13
IM2700CQ6B,IMOEXP130526PE2700,,Нед. прем. европ. Put 2700 с исп. 13 мая на IMOEX,,0,,,,,option_on_indices,futures_options,ROPD,,IMOEXP,base_query,P,2700.0,2026-05-13
IM2750CD6,IMOEXP150426CE2750,,Прем. европ. Call 2750 с исп. 15 апр. на IMOEX,,0,,,,,option_on_indices,futures_options,ROPD,,IMOEXP,base_query,C,2750.0,2026-04-15
IM2750CD6B,IMOEXP080426CE2750,,Нед. прем. европ. Call 2750 с исп. 8 апр. на IMOEX,,0,,,,,option_on_indices,futures_options,ROPD,,IMOEXP,base_query,C,2750.0,2026-04-08
IM2750CE6A,IMOEXP060526CE2750,,Нед. прем. европ. Call 2750 с исп. 6 мая на IMOEX,,0,,,,,option_on_indices,futures_options,ROPD,,IMOEXP,base_query,C,2750.0,2026-05-06
IM2750CL7,IMOEXP151227CE2750,,Прем. европ. Call 2750 с исп. 15 дек. на IMOEX,,1,,,,,option_on_indices,futures_options,ROPD,,IMOEXP,base_query,C,2750.0,2027-12-15
IM2750CP6D,IMOEXP220426PE2750,,Нед. прем. европ. Put 2750 с исп. 22 апр. на IMOEX,,0,,,,,option_on_indices,futures_options,ROPD,,IMOEXP,base_query,P,2750.0,2026-04-22
IM2750CQ6B,IMOEXP130526PE2750,,Нед. прем. европ. Put 2750 с исп. 13 мая на IMOEX,,0,,,,,option_on_indices,futures_options,ROPD,,IMOEXP,base_query,P,2750.0,2026-05-13
IM2850CD6D,IMOEXP220426CE2850,,Нед. прем. европ. Call 2850 с исп. 22 апр. на IMOEX,,0,,,,,option_on_indices,futures_options,ROPD,,IMOEXP,base_query,C,2850.0,2026-04-22
IM2850CE6A,IMOEXP060526CE2850,,Нед. прем. европ. Call 2850 с исп. 6 мая на IMOEX,,0,,,,,option_on_indices,futures_options,ROPD,,IMOEXP,base_query,C,2850.0,2026-05-06
IM2900CP6B,IMOEXP080426PE2900,,Нед. прем. европ. Put 2900 с исп. 8 апр. на IMOEX,,0,,,,,option_on_indices,futures_options,ROPD,,IMOEXP,base_query,P,2900.0,2026-04-08
IM2950CP6B,IMOEXP080426PE2950,,Нед. прем. европ. Put 2950 с исп. 8 апр. на IMOEX,,0,,,,,option_on_indices,futures_options,ROPD,,IMOEXP,base_query,P,2950.0,2026-04-08
IM2950CQ6A,IMOEXP060526PE2950,,Нед. прем. европ. Put 2950 с исп. 6 мая на IMOEX,,0,,,,,option_on_indices,futures_options,ROPD,,IMOEXP,base_query,P,2950.0,2026-05-06
IM3200CC8,IMOEXP150328CE3200,,Прем. европ. Call 3200 с исп. 15 марта на IMOEX,,1,,,,,option_on_indices,futures_options,ROPD,,IMOEXP,base_query,C,3200.0,2028-03-15
IM2500CE6B,IMOEXP130526CE2500,,Нед. прем. европ. Call 2500 с исп. 13 мая на IMOEX,,0,,,,,option_on_indices,futures_options,ROPD,,IMOEXP,base_query,C,2500.0,2026-05-13
IM2550CF6A,IMOEXP030626CE2550,,Нед. прем. европ. Call 2550 с исп. 3 июня на IMOEX,,1,,,,,option_on_indices,futures_options,ROPD,,IMOEXP,base_query,C,2550.0,2026-06-03
IM2600CD6B,IMOEXP080426CE2600,,Нед. прем. европ. Call 2600 с исп. 8 апр. на IMOEX,,0,,,,,option_on_indices,futures_options,ROPD,,IMOEXP,base_query,C,2600.0,2026-04-08
IM2600CQ6A,IMOEXP060526PE2600,,Нед. прем. европ. Put 2600 с исп. 6 мая на IMOEX,,0,,,,,option_on_indices,futures_options,ROPD,,IMOEXP,base_query,P,2600.0,2026-05-06
IM2600CQ6D,IMOEXP270526PE2600,,Нед. прем. европ. Put 2600 с исп. 27 мая на IMOEX,,1,,,,,option_on_indices,futures_options,ROPD,,IMOEXP,base_query,P,2600.0,2026-05-27
IM2650CD6B,IMOEXP080426CE2650,,Нед. прем. европ. Call 2650 с исп. 8 апр. на IMOEX,,0,,,,,option_on_indices,futures_options,ROPD,,IMOEXP,base_query,C,2650.0,2026-04-08
IM2650CE6B,IMOEXP130526CE2650,,Нед. прем. европ. Call 2650 с исп. 13 мая на IMOEX,,0,,,,,option_on_indices,futures_options,ROPD,,IMOEXP,base_query,C,2650.0,2026-05-13
IM2650CI7,IMOEXP150927CE2650,,Прем. европ. Call 2650 с исп. 15 сент. на IMOEX,,1,,,,,option_on_indices,futures_options,ROPD,,IMOEXP,base_query,C,2650.0,2027-09-15
IM2650CL7,IMOEXP151227CE2650,,Прем. европ. Call 2650 с исп. 15 дек. на IMOEX,,1,,,,,option_on_indices,futures_options,ROPD,,IMOEXP,base_query,C,2650.0,2027-12-15
IM2700CD6B,IMOEXP080426CE2700,,Нед. прем. европ. Call 2700 с исп. 8 апр. на IMOEX,,0,,,,,option_on_indices,futures_options,ROPD,,IMOEXP,base_query,C,2700.0,2026-04-08
IM2700CE6B,IMOEXP130526CE2700,,Нед. прем. европ. Call 2700 с исп. 13 мая на IMOEX,,0,,,,,option_on_indices,futures_options,ROPD,,IMOEXP,base_query,C,2700.0,2026-05-13
IM2700CF6A,IMOEXP030626CE2700,,Нед. прем. европ. Call 2700 с исп. 3 июня на IMOEX,,1,,,,,option_on_indices,futures_options,ROPD,,IMOEXP,base_query,C,2700.0,2026-06-03
IM2700CP6D,IMOEXP220426PE2700,,Нед. прем. европ. Put 2700 с исп. 22 апр. на IMOEX,,0,,,,,option_on_indices,futures_options,ROPD,,IMOEXP,base_query,P,2700.0,2026-04-22
IM2700CR6A,IMOEXP030626PE2700,,Нед. прем. европ. Put 2700 с исп. 3 июня на IMOEX,,1,,,,,option_on_indices,futures_options,ROPD,,IMOEXP,base_query,P,2700.0,2026-06-03
IM2750CC8,IMOEXP150328CE2750,,Прем. европ. Call 2750 с исп. 15 марта на IMOEX,,1,,,,,option_on_indices,futures_options,ROPD,,IMOEXP,base_query,C,2750.0,2028-03-15
IM2750CE6D,IMOEXP270526CE2750,,Нед. прем. европ. Call 2750 с исп. 27 мая на IMOEX,,1,,,,,option_on_indices,futures_options,ROPD,,IMOEXP,base_query,C,2750.0,2026-05-27
IM2750CQ6D,IMOEXP270526PE2750,,Нед. прем. европ. Put 2750 с исп. 27 мая на IMOEX,,1,,,,,option_on_indices,futures_options,ROPD,,IMOEXP,base_query,P,2750.0,2026-05-27
IM2750CR6A,IMOEXP030626PE2750,,Нед. прем. европ. Put 2750 с исп. 3 июня на IMOEX,,1,,,,,option_on_indices,futures_options,ROPD,,IMOEXP,base_query,P,2750.0,2026-06-03
IM2800CD6E,IMOEXP290426CE2800,,Нед. прем. европ. Call 2800 с исп. 29 апр. на IMOEX,,0,,,,,option_on_indices,futures_options,ROPD,,IMOEXP,base_query,C,2800.0,2026-04-29
IM2800CP6,IMOEXP150426PE2800,,Прем. европ. Put 2800 с исп. 15 апр. на IMOEX,,0,,,,,option_on_indices,futures_options,ROPD,,IMOEXP,base_query,P,2800.0,2026-04-15
IMOEXF,IMOEXF,,IMOEXF,,1,,,,,futures,futures_forts,RFUD,,IMOEX option,base_query,,,
IMOEX_CLT,IMOEX_CLT,,IMOEX_CLT,,0,,,,,futures_collateral,futures_forts,RFUD,,IMOEX option,base_query,,,
MX285000BP6,MIX-6.26M160426PA285000,,Марж. амер. Put 285000 с исп. 16 апр. на фьюч. контр. MIX-6.26,,0,,,,,option,futures_options,ROPD,,MIX,base_query,P,285000.0,2026-04-16
MX280000BE6,MIX-6.26M210526CA280000,,Марж. амер. Call 280000 с исп. 21 мая на фьюч. контр. MIX-6.26,,1,,,,,option,futures_options,ROPD,,MIX,base_query,C,280000.0,2026-05-21
MX270000BF6,MIX-6.26M180626CA270000,,Марж. амер. Call 270000 с исп. 18 июня на фьюч. контр. MIX-6.26,,1,,,,,option,futures_options,ROPD,,MIX,base_query,C,270000.0,2026-06-18
MX260000BR6,MIX-6.26M180626PA260000,,Марж. амер. Put 260000 с исп. 18 июня на фьюч. контр. MIX-6.26,,1,,,,,option,futures_options,ROPD,,MIX,base_query,P,260000.0,2026-06-18
MX260000BQ6,MIX-6.26M210526PA260000,,Марж. амер. Put 260000 с исп. 21 мая на фьюч. контр. MIX-6.26,,1,,,,,option,futures_options,ROPD,,MIX,base_query,P,260000.0,2026-05-21
MX280000BF6,MIX-6.26M180626CA280000,,Марж. амер. Call 280000 с исп. 18 июня на фьюч. контр. MIX-6.26,,1,,,,,option,futures_options,ROPD,,MIX,base_query,C,280000.0,2026-06-18
MX275000BF6,MIX-6.26M180626CA275000,,Марж. амер. Call 275000 с исп. 18 июня на фьюч. контр. MIX-6.26,,1,,,,,option,futures_options,ROPD,,MIX,base_query,C,275000.0,2026-06-18
MX270000BR6,MIX-6.26M180626PA270000,,Марж. амер. Put 270000 с исп. 18 июня на фьюч. контр. MIX-6.26,,1,,,,,option,futures_options,ROPD,,MIX,base_query,P,270000.0,2026-06-18
MX265000BF6,MIX-6.26M180626CA265000,,Марж. амер. Call 265000 с исп. 18 июня на фьюч. контр. MIX-6.26,,1,,,,,option,futures_options,ROPD,,MIX,base_query,C,265000.0,2026-06-18
MX265000BR6,MIX-6.26M180626PA265000,,Марж. амер. Put 265000 с исп. 18 июня на фьюч. контр. MIX-6.26,,1,,,,,option,futures_options,ROPD,,MIX,base_query,P,265000.0,2026-06-18
MX275000BE6,MIX-6.26M210526CA275000,,Марж. амер. Call 275000 с исп. 21 мая на фьюч. контр. MIX-6.26,,1,,,,,option,futures_options,ROPD,,MIX,base_query,C,275000.0,2026-05-21
MX270000BQ6,MIX-6.26M210526PA270000,,Марж. амер. Put 270000 с исп. 21 мая на фьюч. контр. MIX-6.26,,1,,,,,option,futures_options,ROPD,,MIX,base_query,P,270000.0,2026-05-21
MX275000BR6,MIX-6.26M180626PA275000,,Марж. амер. Put 275000 с исп. 18 июня на фьюч. контр. MIX-6.26,,1,,,,,option,futures_options,ROPD,,MIX,base_query,P,275000.0,2026-06-18
MX285000BD6,MIX-6.26M160426CA285000,,Марж. амер. Call 285000 с исп. 16 апр. на фьюч. контр. MIX-6.26,,0,,,,,option,futures_options,ROPD,,MIX,base_query,C,285000.0,2026-04-16
MX280000BR6,MIX-6.26M180626PA280000,,Марж. амер. Put 280000 с исп. 18 июня на фьюч. контр. MIX-6.26,,1,,,,,option,futures_options,ROPD,,MIX,base_query,P,280000.0,2026-06-18
MX290000BE6,MIX-6.26M210526CA290000,,Марж. амер. Call 290000 с исп. 21 мая на фьюч. контр. MIX-6.26,,1,,,,,option,futures_options,ROPD,,MIX,base_query,C,290000.0,2026-05-21
MX265000BQ6,MIX-6.26M210526PA265000,,Марж. амер. Put 265000 с исп. 21 мая на фьюч. контр. MIX-6.26,,1,,,,,option,futures_options,ROPD,,MIX,base_query,P,265000.0,2026-05-21
MX260000BF6,MIX-6.26M180626CA260000,,Марж. амер. Call 260000 с исп. 18 июня на фьюч. контр. MIX-6.26,,1,,,,,option,futures_options,ROPD,,MIX,base_query,C,260000.0,2026-06-18
MX270000BE6,MIX-6.26M210526CA270000,,Марж. амер. Call 270000 с исп. 21 мая на фьюч. контр. MIX-6.26,,1,,,,,option,futures_options,ROPD,,MIX,base_query,C,270000.0,2026-05-21
MX275000BQ6,MIX-6.26M210526PA275000,,Марж. амер. Put 275000 с исп. 21 мая на фьюч. контр. MIX-6.26,,1,,,,,option,futures_options,ROPD,,MIX,base_query,P,275000.0,2026-05-21
MX280000BD6,MIX-6.26M160426CA280000,,Марж. амер. Call 280000 с исп. 16 апр. на фьюч. контр. MIX-6.26,,0,,,,,option,futures_options,ROPD,,MIX,base_query,C,280000.0,2026-04-16
MX250000BR6,MIX-6.26M180626PA250000,,Марж. амер. Put 250000 с исп. 18 июня на фьюч. контр. MIX-6.26,,1,,,,,option,futures_options,ROPD,,MIX,base_query,P,250000.0,2026-06-18
MX285000BE6,MIX-6.26M210526CA285000,,Марж. амер. Call 285000 с исп. 21 мая на фьюч. контр. MIX-6.26,,1,,,,,option,futures_options,ROPD,,MIX,base_query,C,285000.0,2026-05-21
MX285000BF6,MIX-6.26M180626CA285000,,Марж. амер. Call 285000 с исп. 18 июня на фьюч. контр. MIX-6.26,,1,,,,,option,futures_options,ROPD,,MIX,base_query,C,285000.0,2026-06-18
MX280000BP6,MIX-6.26M160426PA280000,,Марж. амер. Put 280000 с исп. 16 апр. на фьюч. контр. MIX-6.26,,0,,,,,option,futures_options,ROPD,,MIX,base_query,P,280000.0,2026-04-16
MX285000BR6,MIX-6.26M180626PA285000,,Марж. амер. Put 285000 с исп. 18 июня на фьюч. контр. MIX-6.26,,1,,,,,option,futures_options,ROPD,,MIX,base_query,P,285000.0,2026-06-18
MX290000BR6,MIX-6.26M180626PA290000,,Марж. амер. Put 290000 с исп. 18 июня на фьюч. контр. MIX-6.26,,1,,,,,option,futures_options,ROPD,,MIX,base_query,P,290000.0,2026-06-18
MX280000BQ6,MIX-6.26M210526PA280000,,Марж. амер. Put 280000 с исп. 21 мая на фьюч. контр. MIX-6.26,,1,,,,,option,futures_options,ROPD,,MIX,base_query,P,280000.0,2026-05-21
MX290000BD6,MIX-6.26M160426CA290000,,Марж. амер. Call 290000 с исп. 16 апр. на фьюч. контр. MIX-6.26,,0,,,,,option,futures_options,ROPD,,MIX,base_query,C,290000.0,2026-04-16
MX295000BE6,MIX-6.26M210526CA295000,,Марж. амер. Call 295000 с исп. 21 мая на фьюч. контр. MIX-6.26,,1,,,,,option,futures_options,ROPD,,MIX,base_query,C,295000.0,2026-05-21
MX300000BF6,MIX-6.26M180626CA300000,,Марж. амер. Call 300000 с исп. 18 июня на фьюч. контр. MIX-6.26,,1,,,,,option,futures_options,ROPD,,MIX,base_query,C,300000.0,2026-06-18
MX255000BR6,MIX-6.26M180626PA255000,,Марж. амер. Put 255000 с исп. 18 июня на фьюч. контр. MIX-6.26,,1,,,,,option,futures_options,ROPD,,MIX,base_query,P,255000.0,2026-06-18
MX295000BF6,MIX-6.26M180626CA295000,,Марж. амер. Call 295000 с исп. 18 июня на фьюч. контр. MIX-6.26,,1,,,,,option,futures_options,ROPD,,MIX,base_query,C,295000.0,2026-06-18
MX290000BF6,MIX-6.26M180626CA290000,,Марж. амер. Call 290000 с исп. 18 июня на фьюч. контр. MIX-6.26,,1,,,,,option,futures_options,ROPD,,MIX,base_query,C,290000.0,2026-06-18
MX295000BD6,MIX-6.26M160426CA295000,,Марж. амер. Call 295000 с исп. 16 апр. на фьюч. контр. MIX-6.26,,0,,,,,option,futures_options,ROPD,,MIX,base_query,C,295000.0,2026-04-16
MX300000BD6,MIX-6.26M160426CA300000,,Марж. амер. Call 300000 с исп. 16 апр. на фьюч. контр. MIX-6.26,,0,,,,,option,futures_options,ROPD,,MIX,base_query,C,300000.0,2026-04-16
MX300000BE6,MIX-6.26M210526CA300000,,Марж. амер. Call 300000 с исп. 21 мая на фьюч. контр. MIX-6.26,,1,,,,,option,futures_options,ROPD,,MIX,base_query,C,300000.0,2026-05-21
MX265000BE6,MIX-6.26M210526CA265000,,Марж. амер. Call 265000 с исп. 21 мая на фьюч. контр. MIX-6.26,,1,,,,,option,futures_options,ROPD,,MIX,base_query,C,265000.0,2026-05-21
MX285000BI6,MIX-9.26M170926CA285000,,Марж. амер. Call 285000 с исп. 17 сент. на фьюч. контр. MIX-9.26,,1,,,,,option,futures_options,ROPD,,MIX,base_query,C,285000.0,2026-09-17
MX305000BD6,MIX-6.26M160426CA305000,,Марж. амер. Call 305000 с исп. 16 апр. на фьюч. контр. MIX-6.26,,0,,,,,option,futures_options,ROPD,,MIX,base_query,C,305000.0,2026-04-16
MX305000BF6,MIX-6.26M180626CA305000,,Марж. амер. Call 305000 с исп. 18 июня на фьюч. контр. MIX-6.26,,1,,,,,option,futures_options,ROPD,,MIX,base_query,C,305000.0,2026-06-18
MX250000BQ6,MIX-6.26M210526PA250000,,Марж. амер. Put 250000 с исп. 21 мая на фьюч. контр. MIX-6.26,,1,,,,,option,futures_options,ROPD,,MIX,base_query,P,250000.0,2026-05-21
MX255000BF6,MIX-6.26M180626CA255000,,Марж. амер. Call 255000 с исп. 18 июня на фьюч. контр. MIX-6.26,,1,,,,,option,futures_options,ROPD,,MIX,base_query,C,255000.0,2026-06-18
MX275000BP6,MIX-6.26M160426PA275000,,Марж. амер. Put 275000 с исп. 16 апр. на фьюч. контр. MIX-6.26,,0,,,,,option,futures_options,ROPD,,MIX,base_query,P,275000.0,2026-04-16
MX280000BU6,MIX-9.26M170926PA280000,,Марж. амер. Put 280000 с исп. 17 сент. на фьюч. контр. MIX-9.26,,1,,,,,option,futures_options,ROPD,,MIX,base_query,P,280000.0,2026-09-17
MX315000BD6,MIX-6.26M160426CA315000,,Марж. амер. Call 315000 с исп. 16 апр. на фьюч. контр. MIX-6.26,,0,,,,,option,futures_options,ROPD,,MIX,base_query,C,315000.0,2026-04-16
MX255000BQ6,MIX-6.26M210526PA255000,,Марж. амер. Put 255000 с исп. 21 мая на фьюч. контр. MIX-6.26,,1,,,,,option,futures_options,ROPD,,MIX,base_query,P,255000.0,2026-05-21
MX270000BU6,MIX-9.26M170926PA270000,,Марж. амер. Put 270000 с исп. 17 сент. на фьюч. контр. MIX-9.26,,1,,,,,option,futures_options,ROPD,,MIX,base_query,P,270000.0,2026-09-17
MX275000BD6,MIX-6.26M160426CA275000,,Марж. амер. Call 275000 с исп. 16 апр. на фьюч. контр. MIX-6.26,,0,,,,,option,futures_options,ROPD,,MIX,base_query,C,275000.0,2026-04-16
MX275000BI6,MIX-9.26M170926CA275000,,Марж. амер. Call 275000 с исп. 17 сент. на фьюч. контр. MIX-9.26,,1,,,,,option,futures_options,ROPD,,MIX,base_query,C,275000.0,2026-09-17
MX310000BF6,MIX-6.26M180626CA310000,,Марж. амер. Call 310000 с исп. 18 июня на фьюч. контр. MIX-6.26,,1,,,,,option,futures_options,ROPD,,MIX,base_query,C,310000.0,2026-06-18
MX240000BQ6,MIX-6.26M210526PA240000,,Марж. амер. Put 240000 с исп. 21 мая на фьюч. контр. MIX-6.26,,1,,,,,option,futures_options,ROPD,,MIX,base_query,P,240000.0,2026-05-21
MX270000BD6,MIX-6.26M160426CA270000,,Марж. амер. Call 270000 с исп. 16 апр. на фьюч. контр. MIX-6.26,,0,,,,,option,futures_options,ROPD,,MIX,base_query,C,270000.0,2026-04-16
MX225000BR6,MIX-6.26M180626PA225000,,Марж. амер. Put 225000 с исп. 18 июня на фьюч. контр. MIX-6.26,,1,,,,,option,futures_options,ROPD,,MIX,base_query,P,225000.0,2026-06-18
MX260000BP6,MIX-6.26M160426PA260000,,Марж. амер. Put 260000 с исп. 16 апр. на фьюч. контр. MIX-6.26,,0,,,,,option,futures_options,ROPD,,MIX,base_query,P,260000.0,2026-04-16
MX270000BI6,MIX-9.26M170926CA270000,,Марж. амер. Call 270000 с исп. 17 сент. на фьюч. контр. MIX-9.26,,1,,,,,option,futures_options,ROPD,,MIX,base_query,C,270000.0,2026-09-17
MX275000BU6,MIX-9.26M170926PA275000,,Марж. амер. Put 275000 с исп. 17 сент. на фьюч. контр. MIX-9.26,,1,,,,,option,futures_options,ROPD,,MIX,base_query,P,275000.0,2026-09-17
MX295000BR6,MIX-6.26M180626PA295000,,Марж. амер. Put 295000 с исп. 18 июня на фьюч. контр. MIX-6.26,,1,,,,,option,futures_options,ROPD,,MIX,base_query,P,295000.0,2026-06-18
MX305000BE6,MIX-6.26M210526CA305000,,Марж. амер. Call 305000 с исп. 21 мая на фьюч. контр. MIX-6.26,,1,,,,,option,futures_options,ROPD,,MIX,base_query,C,305000.0,2026-05-21
MX315000BG6,MIX-9.26M160726CA315000,,Марж. амер. Call 315000 с исп. 16 июля на фьюч. контр. MIX-9.26,,1,,,,,option,futures_options,ROPD,,MIX,base_query,C,315000.0,2026-07-16
MX325000BD6,MIX-6.26M160426CA325000,,Марж. амер. Call 325000 с исп. 16 апр. на фьюч. контр. MIX-6.26,,0,,,,,option,futures_options,ROPD,,MIX,base_query,C,325000.0,2026-04-16
MX180000BR6,MIX-6.26M180626PA180000,,Марж. амер. Put 180000 с исп. 18 июня на фьюч. контр. MIX-6.26,,1,,,,,option,futures_options,ROPD,,MIX,base_query,P,180000.0,2026-06-18
MX190000BR6,MIX-6.26M180626PA190000,,Марж. амер. Put 190000 с исп. 18 июня на фьюч. контр. MIX-6.26,,1,,,,,option,futures_options,ROPD,,MIX,base_query,P,190000.0,2026-06-18
MX260000BU6,MIX-9.26M170926PA260000,,Марж. амер. Put 260000 с исп. 17 сент. на фьюч. контр. MIX-9.26,,1,,,,,option,futures_options,ROPD,,MIX,base_query,P,260000.0,2026-09-17
MX265000BP6,MIX-6.26M160426PA265000,,Марж. амер. Put 265000 с исп. 16 апр. на фьюч. контр. MIX-6.26,,0,,,,,option,futures_options,ROPD,,MIX,base_query,P,265000.0,2026-04-16
MX265000BU6,MIX-9.26M170926PA265000,,Марж. амер. Put 265000 с исп. 17 сент. на фьюч. контр. MIX-9.26,,1,,,,,option,futures_options,ROPD,,MIX,base_query,P,265000.0,2026-09-17
MX270000BP6,MIX-6.26M160426PA270000,,Марж. амер. Put 270000 с исп. 16 апр. на фьюч. контр. MIX-6.26,,0,,,,,option,futures_options,ROPD,,MIX,base_query,P,270000.0,2026-04-16
MX315000BF6,MIX-6.26M180626CA315000,,Марж. амер. Call 315000 с исп. 18 июня на фьюч. контр. MIX-6.26,,1,,,,,option,futures_options,ROPD,,MIX,base_query,C,315000.0,2026-06-18
MX340000BD6,MIX-6.26M160426CA340000,,Марж. амер. Call 340000 с исп. 16 апр. на фьюч. контр. MIX-6.26,,0,,,,,option,futures_options,ROPD,,MIX,base_query,C,340000.0,2026-04-16
MX340000BF6,MIX-6.26M180626CA340000,,Марж. амер. Call 340000 с исп. 18 июня на фьюч. контр. MIX-6.26,,1,,,,,option,futures_options,ROPD,,MIX,base_query,C,340000.0,2026-06-18
MX280000BI6,MIX-9.26M170926CA280000,,Марж. амер. Call 280000 с исп. 17 сент. на фьюч. контр. MIX-9.26,,1,,,,,option,futures_options,ROPD,,MIX,base_query,C,280000.0,2026-09-17
MX290000BP6,MIX-6.26M160426PA290000,,Марж. амер. Put 290000 с исп. 16 апр. на фьюч. контр. MIX-6.26,,0,,,,,option,futures_options,ROPD,,MIX,base_query,P,290000.0,2026-04-16
MX295000BP6,MIX-6.26M160426PA295000,,Марж. амер. Put 295000 с исп. 16 апр. на фьюч. контр. MIX-6.26,,0,,,,,option,futures_options,ROPD,,MIX,base_query,P,295000.0,2026-04-16
MX300000BP6,MIX-6.26M160426PA300000,,Марж. амер. Put 300000 с исп. 16 апр. на фьюч. контр. MIX-6.26,,0,,,,,option,futures_options,ROPD,,MIX,base_query,P,300000.0,2026-04-16
MX310000BD6,MIX-6.26M160426CA310000,,Марж. амер. Call 310000 с исп. 16 апр. на фьюч. контр. MIX-6.26,,0,,,,,option,futures_options,ROPD,,MIX,base_query,C,310000.0,2026-04-16
MX320000BE6,MIX-6.26M210526CA320000,,Марж. амер. Call 320000 с исп. 21 мая на фьюч. контр. MIX-6.26,,1,,,,,option,futures_options,ROPD,,MIX,base_query,C,320000.0,2026-05-21
MX340000BG6,MIX-9.26M160726CA340000,,Марж. амер. Call 340000 с исп. 16 июля на фьюч. контр. MIX-9.26,,1,,,,,option,futures_options,ROPD,,MIX,base_query,C,340000.0,2026-07-16
MX380000BF6,MIX-6.26M180626CA380000,,Марж. амер. Call 380000 с исп. 18 июня на фьюч. контр. MIX-6.26,,1,,,,,option,futures_options,ROPD,,MIX,base_query,C,380000.0,2026-06-18
MX165000BF6,MIX-6.26M180626CA165000,,Марж. амер. Call 165000 с исп. 18 июня на фьюч. контр. MIX-6.26,,0,,,,,option,futures_options,ROPD,,MIX,base_query,C,165000.0,2026-06-18
MX165000BI6,MIX-9.26M170926CA165000,,Марж. амер. Call 165000 с исп. 17 сент. на фьюч. контр. MIX-9.26,,0,,,,,option,futures_options,ROPD,,MIX,base_query,C,165000.0,2026-09-17
MX165000BR6,MIX-6.26M180626PA165000,,Марж. амер. Put 165000 с исп. 18 июня на фьюч. контр. MIX-6.26,,0,,,,,option,futures_options,ROPD,,MIX,base_query,P,165000.0,2026-06-18
MX165000BU6,MIX-9.26M170926PA165000,,Марж. амер. Put 165000 с исп. 17 сент. на фьюч. контр. MIX-9.26,,0,,,,,option,futures_options,ROPD,,MIX,base_query,P,165000.0,2026-09-17
MX170000BF6,MIX-6.26M180626CA170000,,Марж. амер. Call 170000 с исп. 18 июня на фьюч. контр. MIX-6.26,,1,,,,,option,futures_options,ROPD,,MIX,base_query,C,170000.0,2026-06-18
MM2850BE6,MXI-6.26M210526CA2850,,Марж. амер. Call 2850 с исп. 21 мая на фьюч. контр. MXI-6.26,,1,,,,,option,futures_options,ROPD,,MXI,base_query,C,2850.0,2026-05-21
MM2600BQ6,MXI-6.26M210526PA2600,,Марж. амер. Put 2600 с исп. 21 мая на фьюч. контр. MXI-6.26,,1,,,,,option,futures_options,ROPD,,MXI,base_query,P,2600.0,2026-05-21
MM2800BE6,MXI-6.26M210526CA2800,,Марж. амер. Call 2800 с исп. 21 мая на фьюч. контр. MXI-6.26,,1,,,,,option,futures_options,ROPD,,MXI,base_query,C,2800.0,2026-05-21
MM2700BQ6,MXI-6.26M210526PA2700,,Марж. амер. Put 2700 с исп. 21 мая на фьюч. контр. MXI-6.26,,1,,,,,option,futures_options,ROPD,,MXI,base_query,P,2700.0,2026-05-21
MM2750BE6,MXI-6.26M210526CA2750,,Марж. амер. Call 2750 с исп. 21 мая на фьюч. контр. MXI-6.26,,1,,,,,option,futures_options,ROPD,,MXI,base_query,C,2750.0,2026-05-21
MM2750BQ6,MXI-6.26M210526PA2750,,Марж. амер. Put 2750 с исп. 21 мая на фьюч. контр. MXI-6.26,,1,,,,,option,futures_options,ROPD,,MXI,base_query,P,2750.0,2026-05-21
MM3000BE6,MXI-6.26M210526CA3000,,Марж. амер. Call 3000 с исп. 21 мая на фьюч. контр. MXI-6.26,,1,,,,,option,futures_options,ROPD,,MXI,base_query,C,3000.0,2026-05-21
MM2650BQ6,MXI-6.26M210526PA2650,,Марж. амер. Put 2650 с исп. 21 мая на фьюч. контр. MXI-6.26,,1,,,,,option,futures_options,ROPD,,MXI,base_query,P,2650.0,2026-05-21
MM2900BE6,MXI-6.26M210526CA2900,,Марж. амер. Call 2900 с исп. 21 мая на фьюч. контр. MXI-6.26,,1,,,,,option,futures_options,ROPD,,MXI,base_query,C,2900.0,2026-05-21
MM2700BE6,MXI-6.26M210526CA2700,,Марж. амер. Call 2700 с исп. 21 мая на фьюч. контр. MXI-6.26,,1,,,,,option,futures_options,ROPD,,MXI,base_query,C,2700.0,2026-05-21
MM2550BQ6,MXI-6.26M210526PA2550,,Марж. амер. Put 2550 с исп. 21 мая на фьюч. контр. MXI-6.26,,1,,,,,option,futures_options,ROPD,,MXI,base_query,P,2550.0,2026-05-21
MM2850BD6,MXI-6.26M160426CA2850,,Марж. амер. Call 2850 с исп. 16 апр. на фьюч. контр. MXI-6.26,,0,,,,,option,futures_options,ROPD,,MXI,base_query,C,2850.0,2026-04-16
MM2650BE6,MXI-6.26M210526CA2650,,Марж. амер. Call 2650 с исп. 21 мая на фьюч. контр. MXI-6.26,,1,,,,,option,futures_options,ROPD,,MXI,base_query,C,2650.0,2026-05-21
MM2800BQ6,MXI-6.26M210526PA2800,,Марж. амер. Put 2800 с исп. 21 мая на фьюч. контр. MXI-6.26,,1,,,,,option,futures_options,ROPD,,MXI,base_query,P,2800.0,2026-05-21
MM2800BD6,MXI-6.26M160426CA2800,,Марж. амер. Call 2800 с исп. 16 апр. на фьюч. контр. MXI-6.26,,0,,,,,option,futures_options,ROPD,,MXI,base_query,C,2800.0,2026-04-16
MM2900BF6,MXI-6.26M180626CA2900,,Марж. амер. Call 2900 с исп. 18 июня на фьюч. контр. MXI-6.26,,1,,,,,option,futures_options,ROPD,,MXI,base_query,C,2900.0,2026-06-18
MM2500BQ6,MXI-6.26M210526PA2500,,Марж. амер. Put 2500 с исп. 21 мая на фьюч. контр. MXI-6.26,,1,,,,,option,futures_options,ROPD,,MXI,base_query,P,2500.0,2026-05-21
MM2650BF6,MXI-6.26M180626CA2650,,Марж. амер. Call 2650 с исп. 18 июня на фьюч. контр. MXI-6.26,,1,,,,,option,futures_options,ROPD,,MXI,base_query,C,2650.0,2026-06-18
MM2950BE6,MXI-6.26M210526CA2950,,Марж. амер. Call 2950 с исп. 21 мая на фьюч. контр. MXI-6.26,,1,,,,,option,futures_options,ROPD,,MXI,base_query,C,2950.0,2026-05-21
MM2700BR6,MXI-6.26M180626PA2700,,Марж. амер. Put 2700 с исп. 18 июня на фьюч. контр. MXI-6.26,,1,,,,,option,futures_options,ROPD,,MXI,base_query,P,2700.0,2026-06-18
MM2800BR6,MXI-6.26M180626PA2800,,Марж. амер. Put 2800 с исп. 18 июня на фьюч. контр. MXI-6.26,,1,,,,,option,futures_options,ROPD,,MXI,base_query,P,2800.0,2026-06-18
MM2350BQ6,MXI-6.26M210526PA2350,,Марж. амер. Put 2350 с исп. 21 мая на фьюч. контр. MXI-6.26,,1,,,,,option,futures_options,ROPD,,MXI,base_query,P,2350.0,2026-05-21
MM2450BQ6,MXI-6.26M210526PA2450,,Марж. амер. Put 2450 с исп. 21 мая на фьюч. контр. MXI-6.26,,1,,,,,option,futures_options,ROPD,,MXI,base_query,P,2450.0,2026-05-21
MM2800BF6,MXI-6.26M180626CA2800,,Марж. амер. Call 2800 с исп. 18 июня на фьюч. контр. MXI-6.26,,1,,,,,option,futures_options,ROPD,,MXI,base_query,C,2800.0,2026-06-18
MM2850BP6,MXI-6.26M160426PA2850,,Марж. амер. Put 2850 с исп. 16 апр. на фьюч. контр. MXI-6.26,,0,,,,,option,futures_options,ROPD,,MXI,base_query,P,2850.0,2026-04-16
MM3250BL6,MXI-12.26M171226CA3250,,Марж. амер. Call 3250 с исп. 17 дек. на фьюч. контр. MXI-12.26,,1,,,,,option,futures_options,ROPD,,MXI,base_query,C,3250.0,2026-12-17
MM2300BQ6,MXI-6.26M210526PA2300,,Марж. амер. Put 2300 с исп. 21 мая на фьюч. контр. MXI-6.26,,1,,,,,option,futures_options,ROPD,,MXI,base_query,P,2300.0,2026-05-21
MM2750BP6,MXI-6.26M160426PA2750,,Марж. амер. Put 2750 с исп. 16 апр. на фьюч. контр. MXI-6.26,,0,,,,,option,futures_options,ROPD,,MXI,base_query,P,2750.0,2026-04-16
MM2800BP6,MXI-6.26M160426PA2800,,Марж. амер. Put 2800 с исп. 16 апр. на фьюч. контр. MXI-6.26,,0,,,,,option,futures_options,ROPD,,MXI,base_query,P,2800.0,2026-04-16
MM2850BF6,MXI-6.26M180626CA2850,,Марж. амер. Call 2850 с исп. 18 июня на фьюч. контр. MXI-6.26,,1,,,,,option,futures_options,ROPD,,MXI,base_query,C,2850.0,2026-06-18
MM2850BR6,MXI-6.26M180626PA2850,,Марж. амер. Put 2850 с исп. 18 июня на фьюч. контр. MXI-6.26,,1,,,,,option,futures_options,ROPD,,MXI,base_query,P,2850.0,2026-06-18
MM3050BL6,MXI-12.26M171226CA3050,,Марж. амер. Call 3050 с исп. 17 дек. на фьюч. контр. MXI-12.26,,1,,,,,option,futures_options,ROPD,,MXI,base_query,C,3050.0,2026-12-17
MM3150BI6,MXI-9.26M170926CA3150,,Марж. амер. Call 3150 с исп. 17 сент. на фьюч. контр. MXI-9.26,,1,,,,,option,futures_options,ROPD,,MXI,base_query,C,3150.0,2026-09-17
MM3200BI6,MXI-9.26M170926CA3200,,Марж. амер. Call 3200 с исп. 17 сент. на фьюч. контр. MXI-9.26,,1,,,,,option,futures_options,ROPD,,MXI,base_query,C,3200.0,2026-09-17
MM2400BR6,MXI-6.26M180626PA2400,,Марж. амер. Put 2400 с исп. 18 июня на фьюч. контр. MXI-6.26,,1,,,,,option,futures_options,ROPD,,MXI,base_query,P,2400.0,2026-06-18
MM2450BE6,MXI-6.26M210526CA2450,,Марж. амер. Call 2450 с исп. 21 мая на фьюч. контр. MXI-6.26,,1,,,,,option,futures_options,ROPD,,MXI,base_query,C,2450.0,2026-05-21
MM2750BR6,MXI-6.26M180626PA2750,,Марж. амер. Put 2750 с исп. 18 июня на фьюч. контр. MXI-6.26,,1,,,,,option,futures_options,ROPD,,MXI,base_query,P,2750.0,2026-06-18
MM2900BD6,MXI-6.26M160426CA2900,,Марж. амер. Call 2900 с исп. 16 апр. на фьюч. контр. MXI-6.26,,0,,,,,option,futures_options,ROPD,,MXI,base_query,C,2900.0,2026-04-16
MM2950BD6,MXI-6.26M160426CA2950,,Марж. амер. Call 2950 с исп. 16 апр. на фьюч. контр. MXI-6.26,,0,,,,,option,futures_options,ROPD,,MXI,base_query,C,2950.0,2026-04-16
MM3100BI6,MXI-9.26M170926CA3100,,Марж. амер. Call 3100 с исп. 17 сент. на фьюч. контр. MXI-9.26,,1,,,,,option,futures_options,ROPD,,MXI,base_query,C,3100.0,2026-09-17
MM3100BL6,MXI-12.26M171226CA3100,,Марж. амер. Call 3100 с исп. 17 дек. на фьюч. контр. MXI-12.26,,1,,,,,option,futures_options,ROPD,,MXI,base_query,C,3100.0,2026-12-17
MM3200BL6,MXI-12.26M171226CA3200,,Марж. амер. Call 3200 с исп. 17 дек. на фьюч. контр. MXI-12.26,,1,,,,,option,futures_options,ROPD,,MXI,base_query,C,3200.0,2026-12-17
MM3450BF7,MXI-6.27M170627CA3450,,Марж. амер. Call 3450 с исп. 17 июня на фьюч. контр. MXI-6.27,,1,,,,,option,futures_options,ROPD,,MXI,base_query,C,3450.0,2027-06-17
MM2400BU6,MXI-9.26M170926PA2400,,Марж. амер. Put 2400 с исп. 17 сент. на фьюч. контр. MXI-9.26,,1,,,,,option,futures_options,ROPD,,MXI,base_query,P,2400.0,2026-09-17
MM2500BR6,MXI-6.26M180626PA2500,,Марж. амер. Put 2500 с исп. 18 июня на фьюч. контр. MXI-6.26,,1,,,,,option,futures_options,ROPD,,MXI,base_query,P,2500.0,2026-06-18
MM2550BR6,MXI-6.26M180626PA2550,,Марж. амер. Put 2550 с исп. 18 июня на фьюч. контр. MXI-6.26,,1,,,,,option,futures_options,ROPD,,MXI,base_query,P,2550.0,2026-06-18
MM2600BF6,MXI-6.26M180626CA2600,,Марж. амер. Call 2600 с исп. 18 июня на фьюч. контр. MXI-6.26,,1,,,,,option,futures_options,ROPD,,MXI,base_query,C,2600.0,2026-06-18
MM2600BR6,MXI-6.26M180626PA2600,,Марж. амер. Put 2600 с исп. 18 июня на фьюч. контр. MXI-6.26,,1,,,,,option,futures_options,ROPD,,MXI,base_query,P,2600.0,2026-06-18
MM2650BP6,MXI-6.26M160426PA2650,,Марж. амер. Put 2650 с исп. 16 апр. на фьюч. контр. MXI-6.26,,0,,,,,option,futures_options,ROPD,,MXI,base_query,P,2650.0,2026-04-16
MM2700BF6,MXI-6.26M180626CA2700,,Марж. амер. Call 2700 с исп. 18 июня на фьюч. контр. MXI-6.26,,1,,,,,option,futures_options,ROPD,,MXI,base_query,C,2700.0,2026-06-18
MM2750BF6,MXI-6.26M180626CA2750,,Марж. амер. Call 2750 с исп. 18 июня на фьюч. контр. MXI-6.26,,1,,,,,option,futures_options,ROPD,,MXI,base_query,C,2750.0,2026-06-18
MM2950BG6,MXI-9.26M160726CA2950,,Марж. амер. Call 2950 с исп. 16 июля на фьюч. контр. MXI-9.26,,1,,,,,option,futures_options,ROPD,,MXI,base_query,C,2950.0,2026-07-16
MM2950BP6,MXI-6.26M160426PA2950,,Марж. амер. Put 2950 с исп. 16 апр. на фьюч. контр. MXI-6.26,,0,,,,,option,futures_options,ROPD,,MXI,base_query,P,2950.0,2026-04-16
MM3000BF6,MXI-6.26M180626CA3000,,Марж. амер. Call 3000 с исп. 18 июня на фьюч. контр. MXI-6.26,,1,,,,,option,futures_options,ROPD,,MXI,base_query,C,3000.0,2026-06-18
MM3100BE6,MXI-6.26M210526CA3100,,Марж. амер. Call 3100 с исп. 21 мая на фьюч. контр. MXI-6.26,,1,,,,,option,futures_options,ROPD,,MXI,base_query,C,3100.0,2026-05-21
MM3150BC7,MXI-3.27M180327CA3150,,Марж. амер. Call 3150 с исп. 18 марта на фьюч. контр. MXI-3.27,,1,,,,,option,futures_options,ROPD,,MXI,base_query,C,3150.0,2027-03-18
MM3200BC7,MXI-3.27M180327CA3200,,Марж. амер. Call 3200 с исп. 18 марта на фьюч. контр. MXI-3.27,,1,,,,,option,futures_options,ROPD,,MXI,base_query,C,3200.0,2027-03-18
MM3300BF7,MXI-6.27M170627CA3300,,Марж. амер. Call 3300 с исп. 17 июня на фьюч. контр. MXI-6.27,,1,,,,,option,futures_options,ROPD,,MXI,base_query,C,3300.0,2027-06-17
MM1650BF6,MXI-6.26M180626CA1650,,Марж. амер. Call 1650 с исп. 18 июня на фьюч. контр. MXI-6.26,,0,,,,,option,futures_options,ROPD,,MXI,base_query,C,1650.0,2026-06-18
MM1650BI6,MXI-9.26M170926CA1650,,Марж. амер. Call 1650 с исп. 17 сент. на фьюч. контр. MXI-9.26,,0,,,,,option,futures_options,ROPD,,MXI,base_query,C,1650.0,2026-09-17
MM1650BR6,MXI-6.26M180626PA1650,,Марж. амер. Put 1650 с исп. 18 июня на фьюч. контр. MXI-6.26,,0,,,,,option,futures_options,ROPD,,MXI,base_query,P,1650.0,2026-06-18
MM1650BU6,MXI-9.26M170926PA1650,,Марж. амер. Put 1650 с исп. 17 сент. на фьюч. контр. MXI-9.26,,0,,,,,option,futures_options,ROPD,,MXI,base_query,P,1650.0,2026-09-17
MM1700BF6,MXI-6.26M180626CA1700,,Марж. амер. Call 1700 с исп. 18 июня на фьюч. контр. MXI-6.26,,1,,,,,option,futures_options,ROPD,,MXI,base_query,C,1700.0,2026-06-18
MM1700BI6,MXI-9.26M170926CA1700,,Марж. амер. Call 1700 с исп. 17 сент. на фьюч. контр. MXI-9.26,,1,,,,,option,futures_options,ROPD,,MXI,base_query,C,1700.0,2026-09-17
MM1700BR6,MXI-6.26M180626PA1700,,Марж. амер. Put 1700 с исп. 18 июня на фьюч. контр. MXI-6.26,,1,,,,,option,futures_options,ROPD,,MXI,base_query,P,1700.0,2026-06-18
MM1700BU6,MXI-9.26M170926PA1700,,Марж. амер. Put 1700 с исп. 17 сент. на фьюч. контр. MXI-9.26,,1,,,,,option,futures_options,ROPD,,MXI,base_query,P,1700.0,2026-09-17
MM1750BF6,MXI-6.26M180626CA1750,,Марж. амер. Call 1750 с исп. 18 июня на фьюч. контр. MXI-6.26,,1,,,,,option,futures_options,ROPD,,MXI,base_query,C,1750.0,2026-06-18
MM1750BI6,MXI-9.26M170926CA1750,,Марж. амер. Call 1750 с исп. 17 сент. на фьюч. контр. MXI-9.26,,1,,,,,option,futures_options,ROPD,,MXI,base_query,C,1750.0,2026-09-17
MM1750BL6,MXI-12.26M171226CA1750,,Марж. амер. Call 1750 с исп. 17 дек. на фьюч. контр. MXI-12.26,,0,,,,,option,futures_options,ROPD,,MXI,base_query,C,1750.0,2026-12-17
MM1750BR6,MXI-6.26M180626PA1750,,Марж. амер. Put 1750 с исп. 18 июня на фьюч. контр. MXI-6.26,,1,,,,,option,futures_options,ROPD,,MXI,base_query,P,1750.0,2026-06-18
MM1750BU6,MXI-9.26M170926PA1750,,Марж. амер. Put 1750 с исп. 17 сент. на фьюч. контр. MXI-9.26,,1,,,,,option,futures_options,ROPD,,MXI,base_query,P,1750.0,2026-09-17
MM1750BX6,MXI-12.26M171226PA1750,,Марж. амер. Put 1750 с исп. 17 дек. на фьюч. контр. MXI-12.26,,0,,,,,option,futures_options,ROPD,,MXI,base_query,P,1750.0,2026-12-17
MM1800BF6,MXI-6.26M180626CA1800,,Марж. амер. Call 1800 с исп. 18 июня на фьюч. контр. MXI-6.26,,1,,,,,option,futures_options,ROPD,,MXI,base_query,C,1800.0,2026-06-18
MM1800BI6,MXI-9.26M170926CA1800,,Марж. амер. Call 1800 с исп. 17 сент. на фьюч. контр. MXI-9.26,,1,,,,,option,futures_options,ROPD,,MXI,base_query,C,1800.0,2026-09-17
MM1800BL6,MXI-12.26M171226CA1800,,Марж. амер. Call 1800 с исп. 17 дек. на фьюч. контр. MXI-12.26,,1,,,,,option,futures_options,ROPD,,MXI,base_query,C,1800.0,2026-12-17
MM1800BR6,MXI-6.26M180626PA1800,,Марж. амер. Put 1800 с исп. 18 июня на фьюч. контр. MXI-6.26,,1,,,,,option,futures_options,ROPD,,MXI,base_query,P,1800.0,2026-06-18
MM1800BU6,MXI-9.26M170926PA1800,,Марж. амер. Put 1800 с исп. 17 сент. на фьюч. контр. MXI-9.26,,1,,,,,option,futures_options,ROPD,,MXI,base_query,P,1800.0,2026-09-17
MM1800BX6,MXI-12.26M171226PA1800,,Марж. амер. Put 1800 с исп. 17 дек. на фьюч. контр. MXI-12.26,,1,,,,,option,futures_options,ROPD,,MXI,base_query,P,1800.0,2026-12-17
MM1850BC7,MXI-3.27M180327CA1850,,Марж. амер. Call 1850 с исп. 18 марта на фьюч. контр. MXI-3.27,,0,,,,,option,futures_options,ROPD,,MXI,base_query,C,1850.0,2027-03-18
MM1850BF6,MXI-6.26M180626CA1850,,Марж. амер. Call 1850 с исп. 18 июня на фьюч. контр. MXI-6.26,,1,,,,,option,futures_options,ROPD,,MXI,base_query,C,1850.0,2026-06-18
MM1850BI6,MXI-9.26M170926CA1850,,Марж. амер. Call 1850 с исп. 17 сент. на фьюч. контр. MXI-9.26,,1,,,,,option,futures_options,ROPD,,MXI,base_query,C,1850.0,2026-09-17
MM1850BL6,MXI-12.26M171226CA1850,,Марж. амер. Call 1850 с исп. 17 дек. на фьюч. контр. MXI-12.26,,1,,,,,option,futures_options,ROPD,,MXI,base_query,C,1850.0,2026-12-17
MM1850BO7,MXI-3.27M180327PA1850,,Марж. амер. Put 1850 с исп. 18 марта на фьюч. контр. MXI-3.27,,0,,,,,option,futures_options,ROPD,,MXI,base_query,P,1850.0,2027-03-18
MM1850BR6,MXI-6.26M180626PA1850,,Марж. амер. Put 1850 с исп. 18 июня на фьюч. контр. MXI-6.26,,1,,,,,option,futures_options,ROPD,,MXI,base_query,P,1850.0,2026-06-18
MM1850BU6,MXI-9.26M170926PA1850,,Марж. амер. Put 1850 с исп. 17 сент. на фьюч. контр. MXI-9.26,,1,,,,,option,futures_options,ROPD,,MXI,base_query,P,1850.0,2026-09-17
MM1850BX6,MXI-12.26M171226PA1850,,Марж. амер. Put 1850 с исп. 17 дек. на фьюч. контр. MXI-12.26,,1,,,,,option,futures_options,ROPD,,MXI,base_query,P,1850.0,2026-12-17
MM1900BC7,MXI-3.27M180327CA1900,,Марж. амер. Call 1900 с исп. 18 марта на фьюч. контр. MXI-3.27,,1,,,,,option,futures_options,ROPD,,MXI,base_query,C,1900.0,2027-03-18
MM1900BE6,MXI-6.26M210526CA1900,,Марж. амер. Call 1900 с исп. 21 мая на фьюч. контр. MXI-6.26,,0,,,,,option,futures_options,ROPD,,MXI,base_query,C,1900.0,2026-05-21
MM1900BF6,MXI-6.26M180626CA1900,,Марж. амер. Call 1900 с исп. 18 июня на фьюч. контр. MXI-6.26,,1,,,,,option,futures_options,ROPD,,MXI,base_query,C,1900.0,2026-06-18
MM1900BF7,MXI-6.27M170627CA1900,,Марж. амер. Call 1900 с исп. 17 июня на фьюч. контр. MXI-6.27,,0,,,,,option,futures_options,ROPD,,MXI,base_query,C,1900.0,2027-06-17
MM1900BG6,MXI-9.26M160726CA1900,,Марж. амер. Call 1900 с исп. 16 июля на фьюч. контр. MXI-9.26,,0,,,,,option,futures_options,ROPD,,MXI,base_query,C,1900.0,2026-07-16
MM1900BH6,MXI-9.26M200826CA1900,,Марж. амер. Call 1900 с исп. 20 авг. на фьюч. контр. MXI-9.26,,0,,,,,option,futures_options,ROPD,,MXI,base_query,C,1900.0,2026-08-20
IM2600CE5E,IMOEXP280525CE2600,,Нед. прем. европ. Call 2600 с исп. 28 мая на IMOEX,,0,,,,,option_on_indices,futures_options,ROPD,,IM2600CE5,secid_variant,C,2600.0,2025-05-28
IM2600CE5,IMOEXP210525CE2600,,Прем. европ. Call 2600 с исп. 21 мая на IMOEX,,0,,,,,option_on_indices,futures_options,ROPD,,IM2600CE5,secid_variant,C,2600.0,2025-05-21
IM2600CE5A,IMOEXP300425CE2600,,Нед. прем. европ. Call 2600 с исп. 30 апр. на IMOEX,,0,,,,,option_on_indices,futures_options,ROPD,,IM2600CE5,secid_variant,C,2600.0,2025-04-30
IM2600CE5B,IMOEXP070525CE2600,,Нед. прем. европ. Call 2600 с исп. 7 мая на IMOEX,,0,,,,,option_on_indices,futures_options,ROPD,,IM2600CE5,secid_variant,C,2600.0,2025-05-07
IM2600CE5C,IMOEXP140525CE2600,,Нед. прем. европ. Call 2600 с исп. 14 мая на IMOEX,,0,,,,,option_on_indices,futures_options,ROPD,,IM2600CE5,secid_variant,C,2600.0,2025-05-14
IM2650CE5,IMOEXP210525CE2650,,Прем. европ. Call 2650 с исп. 21 мая на IMOEX,,0,,,,,option_on_indices,futures_options,ROPD,,IM2650CE5,secid_variant,C,2650.0,2025-05-21
IM2650CE5A,IMOEXP300425CE2650,,Нед. прем. европ. Call 2650 с исп. 30 апр. на IMOEX,,0,,,,,option_on_indices,futures_options,ROPD,,IM2650CE5,secid_variant,C,2650.0,2025-04-30
IM2650CE5B,IMOEXP070525CE2650,,Нед. прем. европ. Call 2650 с исп. 7 мая на IMOEX,,0,,,,,option_on_indices,futures_options,ROPD,,IM2650CE5,secid_variant,C,2650.0,2025-05-07
IM2650CE5C,IMOEXP140525CE2650,,Нед. прем. европ. Call 2650 с исп. 14 мая на IMOEX,,0,,,,,option_on_indices,futures_options,ROPD,,IM2650CE5,secid_variant,C,2650.0,2025-05-14
IM2650CE5E,IMOEXP280525CE2650,,Нед. прем. европ. Call 2650 с исп. 28 мая на IMOEX,,0,,,,,option_on_indices,futures_options,ROPD,,IM2650CE5,secid_variant,C,2650.0,2025-05-28
IM2700CE5A,IMOEXP300425CE2700,,Нед. прем. европ. Call 2700 с исп. 30 апр. на IMOEX,,0,,,,,option_on_indices,futures_options,ROPD,,IM2700CE5,secid_variant,C,2700.0,2025-04-30
IM2700CE5,IMOEXP210525CE2700,,Прем. европ. Call 2700 с исп. 21 мая на IMOEX,,0,,,,,option_on_indices,futures_options,ROPD,,IM2700CE5,secid_variant,C,2700.0,2025-05-21
IM2700CE5B,IMOEXP070525CE2700,,Нед. прем. европ. Call 2700 с исп. 7 мая на IMOEX,,0,,,,,option_on_indices,futures_options,ROPD,,IM2700CE5,secid_variant,C,2700.0,2025-05-07
IM2700CE5C,IMOEXP140525CE2700,,Нед. прем. европ. Call 2700 с исп. 14 мая на IMOEX,,0,,,,,option_on_indices,futures_options,ROPD,,IM2700CE5,secid_variant,C,2700.0,2025-05-14
IM2700CE5E,IMOEXP280525CE2700,,Нед. прем. европ. Call 2700 с исп. 28 мая на IMOEX,,0,,,,,option_on_indices,futures_options,ROPD,,IM2700CE5,secid_variant,C,2700.0,2025-05-28
IM2850CQ5A,IMOEXP300425PE2850,,Нед. прем. европ. Put 2850 с исп. 30 апр. на IMOEX,,0,,,,,option_on_indices,futures_options,ROPD,,IM2850CQ5A,secid_variant,P,2850.0,2025-04-30
IM2650CQ6B,IMOEXP130526PE2650,,Нед. прем. европ. Put 2650 с исп. 13 мая на IMOEX,,0,,,,,option_on_indices,futures_options,ROPD,,IM2650CQ6,secid_variant,P,2650.0,2026-05-13
IM2650CQ6D,IMOEXP270526PE2650,,Нед. прем. европ. Put 2650 с исп. 27 мая на IMOEX,,1,,,,,option_on_indices,futures_options,ROPD,,IM2650CQ6,secid_variant,P,2650.0,2026-05-27
IM2650CQ5,IMOEXP210525PE2650,,Прем. европ. Put 2650 с исп. 21 мая на IMOEX,,0,,,,,option_on_indices,futures_options,ROPD,,IM2650CQ5,secid_variant,P,2650.0,2025-05-21
IM2650CQ5A,IMOEXP300425PE2650,,Нед. прем. европ. Put 2650 с исп. 30 апр. на IMOEX,,0,,,,,option_on_indices,futures_options,ROPD,,IM2650CQ5,secid_variant,P,2650.0,2025-04-30
IM2650CQ5B,IMOEXP070525PE2650,,Нед. прем. европ. Put 2650 с исп. 7 мая на IMOEX,,0,,,,,option_on_indices,futures_options,ROPD,,IM2650CQ5,secid_variant,P,2650.0,2025-05-07
IM2650CQ5C,IMOEXP140525PE2650,,Нед. прем. европ. Put 2650 с исп. 14 мая на IMOEX,,0,,,,,option_on_indices,futures_options,ROPD,,IM2650CQ5,secid_variant,P,2650.0,2025-05-14
IM2650CQ5E,IMOEXP280525PE2650,,Нед. прем. европ. Put 2650 с исп. 28 мая на IMOEX,,0,,,,,option_on_indices,futures_options,ROPD,,IM2650CQ5,secid_variant,P,2650.0,2025-05-28
IM2750CE6B,IMOEXP130526CE2750,,Нед. прем. европ. Call 2750 с исп. 13 мая на IMOEX,,0,,,,,option_on_indices,futures_options,ROPD,,IM2750CE6,secid_variant,C,2750.0,2026-05-13
IM2750CE5A,IMOEXP300425CE2750,,Нед. прем. европ. Call 2750 с исп. 30 апр. на IMOEX,,0,,,,,option_on_indices,futures_options,ROPD,,IM2750CE5,secid_variant,C,2750.0,2025-04-30
IM2750CE5E,IMOEXP280525CE2750,,Нед. прем. европ. Call 2750 с исп. 28 мая на IMOEX,,0,,,,,option_on_indices,futures_options,ROPD,,IM2750CE5,secid_variant,C,2750.0,2025-05-28
IM2750CE5,IMOEXP210525CE2750,,Прем. европ. Call 2750 с исп. 21 мая на IMOEX,,0,,,,,option_on_indices,futures_options,ROPD,,IM2750CE5,secid_variant,C,2750.0,2025-05-21
IM2750CE5B,IMOEXP070525CE2750,,Нед. прем. европ. Call 2750 с исп. 7 мая на IMOEX,,0,,,,,option_on_indices,futures_options,ROPD,,IM2750CE5,secid_variant,C,2750.0,2025-05-07
IM2750CE5C,IMOEXP140525CE2750,,Нед. прем. европ. Call 2750 с исп. 14 мая на IMOEX,,0,,,,,option_on_indices,futures_options,ROPD,,IM2750CE5,secid_variant,C,2750.0,2025-05-14
IM2800CE6A,IMOEXP060526CE2800,,Нед. прем. европ. Call 2800 с исп. 6 мая на IMOEX,,0,,,,,option_on_indices,futures_options,ROPD,,IM2800CE6,secid_variant,C,2800.0,2026-05-06
IM2800CE6B,IMOEXP130526CE2800,,Нед. прем. европ. Call 2800 с исп. 13 мая на IMOEX,,0,,,,,option_on_indices,futures_options,ROPD,,IM2800CE6,secid_variant,C,2800.0,2026-05-13
IM2800CE6D,IMOEXP270526CE2800,,Нед. прем. европ. Call 2800 с исп. 27 мая на IMOEX,,1,,,,,option_on_indices,futures_options,ROPD,,IM2800CE6,secid_variant,C,2800.0,2026-05-27
IM2800CE5,IMOEXP210525CE2800,,Прем. европ. Call 2800 с исп. 21 мая на IMOEX,,0,,,,,option_on_indices,futures_options,ROPD,,IM2800CE5,secid_variant,C,2800.0,2025-05-21
IM2800CE5A,IMOEXP300425CE2800,,Нед. прем. европ. Call 2800 с исп. 30 апр. на IMOEX,,0,,,,,option_on_indices,futures_options,ROPD,,IM2800CE5,secid_variant,C,2800.0,2025-04-30
IM2800CE5B,IMOEXP070525CE2800,,Нед. прем. европ. Call 2800 с исп. 7 мая на IMOEX,,0,,,,,option_on_indices,futures_options,ROPD,,IM2800CE5,secid_variant,C,2800.0,2025-05-07
IM2800CE5C,IMOEXP140525CE2800,,Нед. прем. европ. Call 2800 с исп. 14 мая на IMOEX,,0,,,,,option_on_indices,futures_options,ROPD,,IM2800CE5,secid_variant,C,2800.0,2025-05-14
IM2800CE5E,IMOEXP280525CE2800,,Нед. прем. европ. Call 2800 с исп. 28 мая на IMOEX,,0,,,,,option_on_indices,futures_options,ROPD,,IM2800CE5,secid_variant,C,2800.0,2025-05-28
IM2750CQ5,IMOEXP210525PE2750,,Прем. европ. Put 2750 с исп. 21 мая на IMOEX,,0,,,,,option_on_indices,futures_options,ROPD,,IM2750CQ5,secid_variant,P,2750.0,2025-05-21
IM2750CQ5A,IMOEXP300425PE2750,,Нед. прем. европ. Put 2750 с исп. 30 апр. на IMOEX,,0,,,,,option_on_indices,futures_options,ROPD,,IM2750CQ5,secid_variant,P,2750.0,2025-04-30
IM2750CQ5B,IMOEXP070525PE2750,,Нед. прем. европ. Put 2750 с исп. 7 мая на IMOEX,,0,,,,,option_on_indices,futures_options,ROPD,,IM2750CQ5,secid_variant,P,2750.0,2025-05-07
IM2750CQ5C,IMOEXP140525PE2750,,Нед. прем. европ. Put 2750 с исп. 14 мая на IMOEX,,0,,,,,option_on_indices,futures_options,ROPD,,IM2750CQ5,secid_variant,P,2750.0,2025-05-14
IM2750CQ5E,IMOEXP280525PE2750,,Нед. прем. европ. Put 2750 с исп. 28 мая на IMOEX,,0,,,,,option_on_indices,futures_options,ROPD,,IM2750CQ5,secid_variant,P,2750.0,2025-05-28
IM2850CQ6B,IMOEXP130526PE2850,,Нед. прем. европ. Put 2850 с исп. 13 мая на IMOEX,,0,,,,,option_on_indices,futures_options,ROPD,,IM2850CQ6,secid_variant,P,2850.0,2026-05-13
IM2850CQ5E,IMOEXP280525PE2850,,Нед. прем. европ. Put 2850 с исп. 28 мая на IMOEX,,0,,,,,option_on_indices,futures_options,ROPD,,IM2850CQ5,secid_variant,P,2850.0,2025-05-28
IM2850CQ5,IMOEXP210525PE2850,,Прем. европ. Put 2850 с исп. 21 мая на IMOEX,,0,,,,,option_on_indices,futures_options,ROPD,,IM2850CQ5,secid_variant,P,2850.0,2025-05-21
IM2850CQ5B,IMOEXP070525PE2850,,Нед. прем. европ. Put 2850 с исп. 7 мая на IMOEX,,0,,,,,option_on_indices,futures_options,ROPD,,IM2850CQ5,secid_variant,P,2850.0,2025-05-07
IM2850CQ5C,IMOEXP140525PE2850,,Нед. прем. европ. Put 2850 с исп. 14 мая на IMOEX,,0,,,,,option_on_indices,futures_options,ROPD,,IM2850CQ5,secid_variant,P,2850.0,2025-05-14
IM2500CE5E,IMOEXP280525CE2500,,Нед. прем. европ. Call 2500 с исп. 28 мая на IMOEX,,0,,,,,option_on_indices,futures_options,ROPD,,IM2500CE5,secid_variant,C,2500.0,2025-05-28
IM2500CE5,IMOEXP210525CE2500,,Прем. европ. Call 2500 с исп. 21 мая на IMOEX,,0,,,,,option_on_indices,futures_options,ROPD,,IM2500CE5,secid_variant,C,2500.0,2025-05-21
IM2500CE5A,IMOEXP300425CE2500,,Нед. прем. европ. Call 2500 с исп. 30 апр. на IMOEX,,0,,,,,option_on_indices,futures_options,ROPD,,IM2500CE5,secid_variant,C,2500.0,2025-04-30
IM2500CE5B,IMOEXP070525CE2500,,Нед. прем. европ. Call 2500 с исп. 7 мая на IMOEX,,0,,,,,option_on_indices,futures_options,ROPD,,IM2500CE5,secid_variant,C,2500.0,2025-05-07
IM2500CE5C,IMOEXP140525CE2500,,Нед. прем. европ. Call 2500 с исп. 14 мая на IMOEX,,0,,,,,option_on_indices,futures_options,ROPD,,IM2500CE5,secid_variant,C,2500.0,2025-05-14
IM2700CQ6D,IMOEXP270526PE2700,,Нед. прем. европ. Put 2700 с исп. 27 мая на IMOEX,,1,,,,,option_on_indices,futures_options,ROPD,,IM2700CQ6,secid_variant,P,2700.0,2026-05-27
IM2700CQ5,IMOEXP210525PE2700,,Прем. европ. Put 2700 с исп. 21 мая на IMOEX,,0,,,,,option_on_indices,futures_options,ROPD,,IM2700CQ5,secid_variant,P,2700.0,2025-05-21
IM2700CQ5A,IMOEXP300425PE2700,,Нед. прем. европ. Put 2700 с исп. 30 апр. на IMOEX,,0,,,,,option_on_indices,futures_options,ROPD,,IM2700CQ5,secid_variant,P,2700.0,2025-04-30
IM2700CQ5B,IMOEXP070525PE2700,,Нед. прем. европ. Put 2700 с исп. 7 мая на IMOEX,,0,,,,,option_on_indices,futures_options,ROPD,,IM2700CQ5,secid_variant,P,2700.0,2025-05-07
IM2700CQ5C,IMOEXP140525PE2700,,Нед. прем. европ. Put 2700 с исп. 14 мая на IMOEX,,0,,,,,option_on_indices,futures_options,ROPD,,IM2700CQ5,secid_variant,P,2700.0,2025-05-14
IM2700CQ5E,IMOEXP280525PE2700,,Нед. прем. европ. Put 2700 с исп. 28 мая на IMOEX,,0,,,,,option_on_indices,futures_options,ROPD,,IM2700CQ5,secid_variant,P,2700.0,2025-05-28
IM2750CD5D,IMOEXP230425CE2750,,Нед. прем. европ. Call 2750 с исп. 23 апр. на IMOEX,,0,,,,,option_on_indices,futures_options,ROPD,,IM2750CD5D,secid_variant,C,2750.0,2025-04-23
IM2800CQ5A,IMOEXP300425PE2800,,Нед. прем. европ. Put 2800 с исп. 30 апр. на IMOEX,,0,,,,,option_on_indices,futures_options,ROPD,,IM2800CQ5A,secid_variant,P,2800.0,2025-04-30
IM2550CE5E,IMOEXP280525CE2550,,Нед. прем. европ. Call 2550 с исп. 28 мая на IMOEX,,0,,,,,option_on_indices,futures_options,ROPD,,IM2550CE5,secid_variant,C,2550.0,2025-05-28
IM2550CE5,IMOEXP210525CE2550,,Прем. европ. Call 2550 с исп. 21 мая на IMOEX,,0,,,,,option_on_indices,futures_options,ROPD,,IM2550CE5,secid_variant,C,2550.0,2025-05-21
IM2550CE5A,IMOEXP300425CE2550,,Нед. прем. европ. Call 2550 с исп. 30 апр. на IMOEX,,0,,,,,option_on_indices,futures_options,ROPD,,IM2550CE5,secid_variant,C,2550.0,2025-04-30
IM2550CE5B,IMOEXP070525CE2550,,Нед. прем. европ. Call 2550 с исп. 7 мая на IMOEX,,0,,,,,option_on_indices,futures_options,ROPD,,IM2550CE5,secid_variant,C,2550.0,2025-05-07
IM2550CE5C,IMOEXP140525CE2550,,Нед. прем. европ. Call 2550 с исп. 14 мая на IMOEX,,0,,,,,option_on_indices,futures_options,ROPD,,IM2550CE5,secid_variant,C,2550.0,2025-05-14
IM2900CQ6B,IMOEXP130526PE2900,,Нед. прем. европ. Put 2900 с исп. 13 мая на IMOEX,,0,,,,,option_on_indices,futures_options,ROPD,,IM2900CQ6,secid_variant,P,2900.0,2026-05-13
IM2900CQ6D,IMOEXP270526PE2900,,Нед. прем. европ. Put 2900 с исп. 27 мая на IMOEX,,1,,,,,option_on_indices,futures_options,ROPD,,IM2900CQ6,secid_variant,P,2900.0,2026-05-27
IM2900CQ5E,IMOEXP280525PE2900,,Нед. прем. европ. Put 2900 с исп. 28 мая на IMOEX,,0,,,,,option_on_indices,futures_options,ROPD,,IM2900CQ5,secid_variant,P,2900.0,2025-05-28
IM2900CQ5,IMOEXP210525PE2900,,Прем. европ. Put 2900 с исп. 21 мая на IMOEX,,0,,,,,option_on_indices,futures_options,ROPD,,IM2900CQ5,secid_variant,P,2900.0,2025-05-21
IM2900CQ5A,IMOEXP300425PE2900,,Нед. прем. европ. Put 2900 с исп. 30 апр. на IMOEX,,0,,,,,option_on_indices,futures_options,ROPD,,IM2900CQ5,secid_variant,P,2900.0,2025-04-30
IM2900CQ5B,IMOEXP070525PE2900,,Нед. прем. европ. Put 2900 с исп. 7 мая на IMOEX,,0,,,,,option_on_indices,futures_options,ROPD,,IM2900CQ5,secid_variant,P,2900.0,2025-05-07
IM2900CQ5C,IMOEXP140525PE2900,,Нед. прем. европ. Put 2900 с исп. 14 мая на IMOEX,,0,,,,,option_on_indices,futures_options,ROPD,,IM2900CQ5,secid_variant,P,2900.0,2025-05-14
IM2650CD5D,IMOEXP230425CE2650,,Нед. прем. европ. Call 2650 с исп. 23 апр. на IMOEX,,0,,,,,option_on_indices,futures_options,ROPD,,IM2650CD5D,secid_variant,C,2650.0,2025-04-23
IM2850CE6B,IMOEXP130526CE2850,,Нед. прем. европ. Call 2850 с исп. 13 мая на IMOEX,,0,,,,,option_on_indices,futures_options,ROPD,,IM2850CE6,secid_variant,C,2850.0,2026-05-13
IM2850CE6D,IMOEXP270526CE2850,,Нед. прем. европ. Call 2850 с исп. 27 мая на IMOEX,,1,,,,,option_on_indices,futures_options,ROPD,,IM2850CE6,secid_variant,C,2850.0,2026-05-27
IM2850CE5,IMOEXP210525CE2850,,Прем. европ. Call 2850 с исп. 21 мая на IMOEX,,0,,,,,option_on_indices,futures_options,ROPD,,IM2850CE5,secid_variant,C,2850.0,2025-05-21
IM2850CE5A,IMOEXP300425CE2850,,Нед. прем. европ. Call 2850 с исп. 30 апр. на IMOEX,,0,,,,,option_on_indices,futures_options,ROPD,,IM2850CE5,secid_variant,C,2850.0,2025-04-30
IM2850CE5B,IMOEXP070525CE2850,,Нед. прем. европ. Call 2850 с исп. 7 мая на IMOEX,,0,,,,,option_on_indices,futures_options,ROPD,,IM2850CE5,secid_variant,C,2850.0,2025-05-07
IM2850CE5C,IMOEXP140525CE2850,,Нед. прем. европ. Call 2850 с исп. 14 мая на IMOEX,,0,,,,,option_on_indices,futures_options,ROPD,,IM2850CE5,secid_variant,C,2850.0,2025-05-14
IM2850CE5E,IMOEXP280525CE2850,,Нед. прем. европ. Call 2850 с исп. 28 мая на IMOEX,,0,,,,,option_on_indices,futures_options,ROPD,,IM2850CE5,secid_variant,C,2850.0,2025-05-28
IM2600CQ5,IMOEXP210525PE2600,,Прем. европ. Put 2600 с исп. 21 мая на IMOEX,,0,,,,,option_on_indices,futures_options,ROPD,,IM2600CQ5,secid_variant,P,2600.0,2025-05-21
IM2600CQ5A,IMOEXP300425PE2600,,Нед. прем. европ. Put 2600 с исп. 30 апр. на IMOEX,,0,,,,,option_on_indices,futures_options,ROPD,,IM2600CQ5,secid_variant,P,2600.0,2025-04-30
IM2600CQ5B,IMOEXP070525PE2600,,Нед. прем. европ. Put 2600 с исп. 7 мая на IMOEX,,0,,,,,option_on_indices,futures_options,ROPD,,IM2600CQ5,secid_variant,P,2600.0,2025-05-07
IM2600CQ5C,IMOEXP140525PE2600,,Нед. прем. европ. Put 2600 с исп. 14 мая на IMOEX,,0,,,,,option_on_indices,futures_options,ROPD,,IM2600CQ5,secid_variant,P,2600.0,2025-05-14
IM2600CQ5E,IMOEXP280525PE2600,,Нед. прем. европ. Put 2600 с исп. 28 мая на IMOEX,,0,,,,,option_on_indices,futures_options,ROPD,,IM2600CQ5,secid_variant,P,2600.0,2025-05-28
IM2800CQ6B,IMOEXP130526PE2800,,Нед. прем. европ. Put 2800 с исп. 13 мая на IMOEX,,0,,,,,option_on_indices,futures_options,ROPD,,IM2800CQ6,secid_variant,P,2800.0,2026-05-13
IM2800CQ6D,IMOEXP270526PE2800,,Нед. прем. европ. Put 2800 с исп. 27 мая на IMOEX,,1,,,,,option_on_indices,futures_options,ROPD,,IM2800CQ6,secid_variant,P,2800.0,2026-05-27
IM2800CQ5,IMOEXP210525PE2800,,Прем. европ. Put 2800 с исп. 21 мая на IMOEX,,0,,,,,option_on_indices,futures_options,ROPD,,IM2800CQ5,secid_variant,P,2800.0,2025-05-21
IM2800CQ5B,IMOEXP070525PE2800,,Нед. прем. европ. Put 2800 с исп. 7 мая на IMOEX,,0,,,,,option_on_indices,futures_options,ROPD,,IM2800CQ5,secid_variant,P,2800.0,2025-05-07
IM2800CQ5C,IMOEXP140525PE2800,,Нед. прем. европ. Put 2800 с исп. 14 мая на IMOEX,,0,,,,,option_on_indices,futures_options,ROPD,,IM2800CQ5,secid_variant,P,2800.0,2025-05-14
IM2800CQ5E,IMOEXP280525PE2800,,Нед. прем. европ. Put 2800 с исп. 28 мая на IMOEX,,0,,,,,option_on_indices,futures_options,ROPD,,IM2800CQ5,secid_variant,P,2800.0,2025-05-28
IM2850CP5D,IMOEXP230425PE2850,,Нед. прем. европ. Put 2850 с исп. 23 апр. на IMOEX,,0,,,,,option_on_indices,futures_options,ROPD,,IM2850CP5D,secid_variant,P,2850.0,2025-04-23
IM2600CD5D,IMOEXP230425CE2600,,Нед. прем. европ. Call 2600 с исп. 23 апр. на IMOEX,,0,,,,,option_on_indices,futures_options,ROPD,,IM2600CD5D,secid_variant,C,2600.0,2025-04-23
IM2700CD5D,IMOEXP230425CE2700,,Нед. прем. европ. Call 2700 с исп. 23 апр. на IMOEX,,0,,,,,option_on_indices,futures_options,ROPD,,IM2700CD5D,secid_variant,C,2700.0,2025-04-23
IM2900CP5D,IMOEXP230425PE2900,,Нед. прем. европ. Put 2900 с исп. 23 апр. на IMOEX,,0,,,,,option_on_indices,futures_options,ROPD,,IM2900CP5D,secid_variant,P,2900.0,2025-04-23
IM2750CF6A,IMOEXP030626CE2750,,Нед. прем. европ. Call 2750 с исп. 3 июня на IMOEX,,1,,,,,option_on_indices,futures_options,ROPD,,IM2750CF6,secid_variant,C,2750.0,2026-06-03
IM2750CF4,IMOEXP190624CE2750,,Прем. европ. Call 2750 с исп. 19 июня на IMOEX,,0,,,,,option_on_indices,futures_options,ROPD,,IM2750CF4,secid_variant,C,2750.0,2024-06-19
IM2750CF4D,IMOEXP260624CE2750,,Нед. прем. европ. Call 2750 с исп. 26 июня на IMOEX,,0,,,,,option_on_indices,futures_options,ROPD,,IM2750CF4,secid_variant,C,2750.0,2024-06-26
IM2750CF5,IMOEXP180625CE2750,,Прем. европ. Call 2750 с исп. 18 июня на IMOEX,,0,,,,,option_on_indices,futures_options,ROPD,,IM2750CF5,secid_variant,C,2750.0,2025-06-18
IM2750CF5A,IMOEXP040625CE2750,,Нед. прем. европ. Call 2750 с исп. 4 июня на IMOEX,,0,,,,,option_on_indices,futures_options,ROPD,,IM2750CF5,secid_variant,C,2750.0,2025-06-04
IM2750CF5B,IMOEXP110625CE2750,,Нед. прем. европ. Call 2750 с исп. 11 июня на IMOEX,,0,,,,,option_on_indices,futures_options,ROPD,,IM2750CF5,secid_variant,C,2750.0,2025-06-11
IM2750CF5D,IMOEXP250625CE2750,,Нед. прем. европ. Call 2750 с исп. 25 июня на IMOEX,,0,,,,,option_on_indices,futures_options,ROPD,,IM2750CF5,secid_variant,C,2750.0,2025-06-25
IM2750CF7,IMOEXP160627CE2750,,Прем. европ. Call 2750 с исп. 16 июня на IMOEX,,1,,,,,option_on_indices,futures_options,ROPD,,IM2750CF7,secid_variant,C,2750.0,2027-06-16
IM2750CF8,IMOEXP210628CE2750,,Прем. европ. Call 2750 с исп. 21 июня на IMOEX,,1,,,,,option_on_indices,futures_options,ROPD,,IM2750CF8,secid_variant,C,2750.0,2028-06-21
