date,m2_bln_rub,cpi_all_items_index_2010_100,usd_rub_avg,key_rate_pct
2002-01-01,,,30.4306,
2002-02-01,,,30.7987,
2002-03-01,,,31.0553,
2002-04-01,,,31.173,
2002-05-01,,,31.2417,
2002-06-01,,,31.4014,
2002-07-01,,,31.5161,
2002-08-01,,,31.5579,
2002-09-01,,,31.6241,
2002-10-01,,,31.6921,
2002-11-01,,,31.8057,
2002-12-01,,,31.8381,
2003-01-01,,,31.8116,
2003-02-01,,,31.698,
2003-03-01,,,31.4574,
2003-04-01,,,31.2123,
2003-05-01,,,30.9446,
2003-06-01,,,30.4837,
2003-07-01,,,30.3591,
2003-08-01,,,30.3519,
2003-09-01,,,30.5959,
2003-10-01,,,30.1641,
2003-11-01,,,29.8151,
2003-12-01,,,29.4326,
2004-01-01,,,28.9234,
2004-02-01,,,28.5154,
2004-03-01,,,28.5334,
2004-04-01,,,28.6759,
2004-05-01,,,28.9867,
2004-06-01,,,29.0315,
2004-07-01,,,29.0817,
2004-08-01,,,29.213,
2004-09-01,,,29.2218,
2004-10-01,,,29.0776,
2004-11-01,,,28.5844,
2004-12-01,,,27.9201,
2005-01-01,,,27.935,
2005-02-01,,,27.9736,
2005-03-01,,,27.616,
2005-04-01,,,27.8205,
2005-05-01,,,27.9203,
2005-06-01,,,28.5042,
2005-07-01,,,28.6888,
2005-08-01,,,28.4756,
2005-09-01,,,28.3645,
2005-10-01,,,28.5472,
2005-11-01,,,28.7565,
2005-12-01,,,28.8111,
2006-01-01,,,28.4122,
2006-02-01,,,28.1968,
2006-03-01,,,27.8777,
2006-04-01,,,27.5724,
2006-05-01,,,27.0578,
2006-06-01,,,26.9839,
2006-07-01,,,26.915,
2006-08-01,,,26.7653,
2006-09-01,,,26.7442,
2006-10-01,,,26.8558,
2006-11-01,,,26.6239,
2006-12-01,,,26.2865,
2007-01-01,,,26.4749,
2007-02-01,,,26.3351,
2007-03-01,,,26.1108,
2007-04-01,,,25.842,
2007-05-01,,,25.8183,
2007-06-01,,,25.9256,
2007-07-01,,,25.5564,
2007-08-01,,,25.6305,
2007-09-01,,,25.343,
2007-10-01,,,24.8939,
2007-11-01,,,24.4737,
2007-12-01,,,24.5659,
2008-01-01,,,24.5011,
2008-02-01,,,24.5347,
2008-03-01,,,23.7607,
2008-04-01,,,23.5127,
2008-05-01,,,23.7294,
2008-06-01,,,23.6376,
2008-07-01,,,23.3505,
2008-08-01,,,24.1314,
2008-09-01,,,25.2837,
2008-10-01,,,26.3512,
2008-11-01,,,27.3101,
2008-12-01,,,28.1314,
2009-01-01,,,31.4715,
2009-02-01,,,35.7597,
2009-03-01,,,34.6665,
2009-04-01,,,33.5554,
2009-05-01,,,32.0576,
2009-06-01,,,31.0262,
2009-07-01,,,31.5152,
2009-08-01,,,31.6275,
2009-09-01,,,30.8114,
2009-10-01,,,29.4748,
2009-11-01,,,28.9831,
2009-12-01,,,29.9354,
2010-01-01,15331.0,,29.9437,
2010-02-01,15565.9,,30.1884,
2010-03-01,15996.5,,29.5644,
2010-04-01,16435.0,,29.198,
2010-05-01,16813.9,,30.3512,
2010-06-01,17190.3,,31.1674,
2010-07-01,17330.1,,30.6847,
2010-08-01,17663.8,,30.3421,
2010-09-01,17909.2,,30.836,
2010-10-01,18099.7,,30.3198,
2010-11-01,18529.4,,30.9672,
2010-12-01,20011.9,,30.8522,
2011-01-01,19307.7,106.17,30.0843,
2011-02-01,19536.7,107.0,29.2942,
2011-03-01,19788.7,107.66,28.4308,
2011-04-01,20020.8,108.12,28.104,
2011-05-01,20160.9,108.65,27.8696,
2011-06-01,20721.9,108.9,27.9841,
2011-07-01,20828.1,108.89,27.8999,
2011-08-01,21061.9,108.63,28.7673,
2011-09-01,21480.4,108.58,30.4905,
2011-10-01,21366.7,109.1,31.3512,
2011-11-01,21920.0,109.56,30.8597,
2011-12-01,24204.7,110.04,31.4526,
2012-01-01,23349.1,110.59,,
2012-02-01,23542.5,110.99,,
2012-03-01,23747.8,111.65,,
2012-04-01,23923.8,111.98,,
2012-05-01,24036.3,112.57,,
2012-06-01,24461.0,113.57,,
2012-07-01,24306.3,114.97,,
2012-08-01,24284.2,115.08,,
2012-09-01,24437.8,115.72,,
2012-10-01,24444.8,116.25,,
2012-11-01,24741.0,116.65,,
2012-12-01,27164.6,117.27,,
2013-01-01,26348.7,118.4,,
2013-02-01,26768.4,119.07,,
2013-03-01,27198.6,119.48,,
2013-04-01,27377.1,120.09,,
2013-05-01,27593.4,120.89,,
2013-06-01,28212.3,121.39,,
2013-07-01,28443.9,122.39,,
2013-08-01,28499.9,122.57,,
2013-09-01,28352.6,122.82,,
2013-10-01,28276.4,123.53,,
2013-11-01,28873.3,124.22,,
2013-12-01,31155.6,124.85,,
2014-01-01,29861.2,125.59,,
2014-02-01,30169.0,126.47,,
2014-03-01,29519.3,127.75,,
2014-04-01,29879.2,128.9,,
2014-05-01,29890.8,130.06,,
2014-06-01,30071.8,130.87,,
2014-07-01,30178.3,131.51,,
2014-08-01,30338.7,131.82,,
2014-09-01,30297.6,132.68,,
2014-10-01,29831.2,133.77,,
2014-11-01,30141.9,135.48,,
2014-12-01,31615.7,139.02,,
2015-01-01,31033.8,144.37,,
2015-02-01,31225.0,147.58,,
2015-03-01,31028.9,149.37,,
2015-04-01,31718.6,150.04,,
2015-05-01,31842.2,150.58,,
2015-06-01,31958.0,150.86,,
2015-07-01,32094.2,152.07,,
2015-08-01,32383.6,152.61,,
2015-09-01,32074.4,153.48,,
2015-10-01,32170.2,154.62,,
2015-11-01,32754.2,155.77,,
2015-12-01,35179.7,156.97,,
2016-01-01,,158.48,,
2016-02-01,,159.48,,
2016-03-01,,160.22,,
2016-04-01,,160.93,,
2016-05-01,,161.59,,
2016-06-01,,162.17,,
2016-07-01,,163.05,,
2016-08-01,,163.07,,
2016-09-01,,163.34,,
2016-10-01,,164.06,,
2016-11-01,,164.77,,
2016-12-01,,165.43,,
2017-01-01,,166.46,,
2017-02-01,,166.82,,
2017-03-01,,167.03,,
2017-04-01,,167.59,,
2017-05-01,,168.2,,
2017-06-01,,169.22,,
2017-07-01,,169.34,,
2017-08-01,,168.42,,
2017-09-01,,168.18,,
2017-10-01,,168.51,,
2017-11-01,,168.87,,
2017-12-01,,169.59,,
2018-01-01,,170.11,,
2018-02-01,,170.46,,
2018-03-01,,170.96,,
2018-04-01,,171.61,,
2018-05-01,,172.25,,
2018-06-01,,173.1,,
2018-07-01,,173.57,,
2018-08-01,,173.59,,
2018-09-01,,173.86,,
2018-10-01,,174.47,,
2018-11-01,,175.34,,
2018-12-01,,176.81,,
2019-06-01,,,,7.5
2019-07-01,,,,7.25
2019-08-01,,,,7.25
2019-09-01,,,,7.0
2019-10-01,,,,6.5
2019-11-01,,,,6.5
2019-12-01,,,,6.25
2020-01-01,,,,6.25
2020-02-01,,,,6.0
2020-03-01,,,,6.0
2020-04-01,,,,5.5
2020-05-01,,,,5.5
2020-06-01,,,,4.5
2020-07-01,,,,4.25
2020-08-01,,,,4.25
2020-09-01,,,,4.25
2020-10-01,,,,4.25
2020-11-01,,,,4.25
2020-12-01,,,,4.25
2021-01-01,,,,4.25
2021-02-01,,,,4.25
2021-03-01,,,,4.5
2021-04-01,,,,5.0
2021-05-01,,,,5.0
2021-06-01,,,,5.5
2021-07-01,,,,6.5
2021-08-01,,,,6.5
2021-09-01,,,,6.75
2021-10-01,,,,7.5
2021-11-01,,,,7.5
2021-12-01,,,,8.5
2022-01-01,,,,8.5
2022-02-01,,,,20.0
2022-03-01,,,,20.0
2022-04-01,,,,17.0
2022-05-01,,,,11.0
2022-06-01,,,,9.5
2022-07-01,,,,8.0
2022-08-01,,,,8.0
2022-09-01,,,,7.5
2022-10-01,,,,7.5
2022-11-01,,,,7.5
2022-12-01,,,,7.5
2023-01-01,,,,7.5
2023-02-01,,,,7.5
2023-03-01,,,,7.5
2023-04-01,,,,7.5
2023-05-01,,,,7.5
2023-06-01,,,,7.5
2023-07-01,,,,8.5
2023-08-01,,,,12.0
2023-09-01,,,,13.0
2023-10-01,,,,15.0
2023-11-01,,,,15.0
2023-12-01,,,,16.0
2024-01-01,,,,16.0
2024-02-01,,,,16.0
2024-03-01,,,,16.0
2024-04-01,,,,16.0
2024-05-01,,,,16.0
2024-06-01,,,,16.0
2024-07-01,,,,18.0
2024-08-01,,,,18.0
2024-09-01,,,,19.0
2024-10-01,,,,21.0
2024-11-01,,,,21.0
2024-12-01,,,,21.0
2025-01-01,,,,21.0
2025-02-01,,,,21.0
2025-03-01,,,,21.0
2025-04-01,,,,21.0
2025-05-01,,,,21.0
2025-06-01,,,,20.0
2025-07-01,,,,18.0
2025-08-01,,,,18.0
2025-09-01,,,,17.0
2025-10-01,,,,16.5
