region,year,population_avg,life_expectancy,visits_per_capita,urban_share,grp_total,age_struct_share,emissions_h1,emissions_fuel,industrial_index,grp_pc,emissions_h1_pc,emissions_fuel_pc
Алтайский край,2015,2334206.0,70.13,9.1,56.2,487903245.5,56.4,102.76,151.95,100.1,209.02321624569555,4.402353519783601e-05,6.509708226266233e-05
Амурская область,2015,804032.0,67.15,10.1,67.5,277380408.9,58.7,10.34,115.41,92.5,344.98677776506406,1.2860184669266895e-05,0.0001435390631218658
Архангельская область,2015,1094549.0,70.33,,76.8,400504517.7,50.9,85.64,114.27000000000001,101.9,365.90825783039406,7.824227147436981e-05,0.00010439916349108173
Астраханская область,2015,1006571.0,70.98,8.6,65.8,322302977.5,58.1,63.05,8.18,109.6,320.1989501982473,6.263840305353521e-05,8.126600110672769e-06
Белгородская область,2015,1551106.0,72.63,9.3,66.0,693379434.1,57.9,58.3,10.33,105.5,447.022598133203,3.758608373637907e-05,6.659764065125143e-06
Брянская область,2015,1226690.0,70.3,8.5,69.5,271782491.3,57.3,16.84,6.0600000000000005,113.5,221.55759914892926,1.3727999739135397e-05,4.940123421565351e-06
Владимирская область,2015,1408811.0,69.88,8.7,77.6,368489236.1,56.4,15.63,10.969999999999999,99.8,261.5604478528348,1.1094461925694788e-05,7.78670808220549e-06
Волгоградская область,2015,2569129.0,72.0,8.4,76.5,740457977.2,57.4,80.2,22.92,101.1,288.21362306057813,3.121680538423723e-05,8.921311463924156e-06
Вологодская область,2015,1188855.0,70.39,8.5,71.8,478893009.8,57.1,224.74,91.91999999999999,102.6,402.8186867195747,0.0001890390333556237,7.731809177738243e-05
Воронежская область,2015,2338257.0,71.67,8.5,67.1,805969634.9,57.6,31.87,12.89,103.7,344.68821643643105,1.362981058112945e-05,5.512653228451791e-06
Еврейская автономная область,2015,165149.0,64.92,8.5,69.3,44554774.9,58.2,12.38,14.459999999999999,91.3,269.78531447359654,7.496260952231017e-05,8.755729674415224e-05
Забайкальский край,2015,1068032.0,67.15,8.0,67.5,247666200.9,58.8,62.89,104.35,99.4,231.8902438316455,5.8884003475551295e-05,9.770306507670182e-05
Ивановская область,2015,1011314.0,70.4,9.9,81.3,180517481.1,56.8,12.96,13.8,92.1,178.49795523447713,1.2815010965931452e-05,1.3645613528538121e-05
Иркутская область,2015,2416463.0,67.46,7.8,78.9,1001717599.9,57.8,336.02,344.86,105.8,414.5387700535866,0.0001390544775566603,0.00014271271689241674
Кабардино-Балкарская Республика,2015,875632.0,74.54,8.5,53.3,120528853.8,60.2,1.1,1.29,104.2,137.64784041697882,1.2562354961901804e-06,1.4732216273503025e-06
Калининградская область,2015,973979.0,70.56,8.0,77.0,349818634.3,59.2,9.38,12.4,92.2,359.1644525189968,9.63059778496251e-06,1.2731280653895002e-05
Калужская область,2015,1034519.0,70.95,8.1,76.2,339760798.0,57.6,9.37,7.390000000000001,94.6,328.4239322815724,9.057349357527507e-06,7.1434164089784724e-06
Камчатский край,2015,308290.0,68.23,9.1,77.6,175404827.1,62.7,98.08,19.83,103.4,568.9604823380583,0.0003181420091472315,6.432255343994291e-05
Карачаево-Черкесская Республика,2015,469913.0,74.26,6.4,42.2,67482709.8,59.1,6.77,2.53,102.0,143.60681615533088,1.4406922132394719e-05,5.3839753316039345e-06
Кемеровская область,2015,2716100.0,68.27,9.2,85.9,843345411.7,57.1,673.09,298.77,101.8,310.4986604690549,0.00024781488163175145,0.00010999963182504325
Кировская область,2015,1264004.0,70.88,8.4,75.4,282191042.8,55.8,52.32,58.88,103.3,223.251700785757,4.139227407508204e-05,4.658213106920548e-05
Костромская область,2015,635251.0,70.13,10.6,71.4,160579751.0,56.1,24.22,32.05,91.5,252.78157924977685,3.812666174472767e-05,5.045249830382006e-05
Краснодарский край,2015,5542754.0,72.6,8.6,54.5,1933512135.6,57.2,79.49,29.57,104.8,348.83600022660215,1.434124624690181e-05,5.334893087443535e-06
Красноярский край,2015,2865506.0,69.72,8.3,77.7,1667041088.4,59.7,1259.17,305.21,99.0,581.7615068333481,0.0004394232641634671,0.00010651172951653215
Курганская область,2015,852225.0,68.85,7.8,62.0,179436329.9,54.2,33.7,25.06,101.8,210.5504179060694,3.954354777200857e-05,2.9405380034615272e-05
Курская область,2015,1116370.0,70.77,8.5,66.8,336999397.4,56.6,12.59,4.43,104.3,301.8707036197676,1.1277623010292287e-05,3.9682184222076905e-06
Ленинградская область,2015,1815091.0,71.36,6.5,65.4,849616556.2,59.0,119.56,33.269999999999996,99.6,468.0848267111677,6.586997566513194e-05,1.832965950467497e-05
Липецкая область,2015,1166590.0,71.11,7.8,63.7,448994309.7,56.9,151.7,9.72,100.8,384.8775574109156,0.00013003711672481333,8.331976101286657e-06
Магаданская область,2015,146453.0,67.93,10.5,95.9,125798292.9,62.0,14.08,18.0,107.5,858.9669921408233,9.61400585853482e-05,0.00012290632489604173
Москва,2015,12278053.0,76.45,10.8,100.0,13520862856.8,60.3,36.38,34.71,97.2,1101.2220632049723,2.9630105033754134e-06,2.8269954527806648e-06
Московская область,2015,7736019.0,72.9,8.5,79.8,3180924558.4,59.8,100.46,113.39,101.1,411.18365381470755,1.2986007402515427e-05,1.4657409709050612e-05
Мурманская область,2015,739001.0,69.9,8.2,93.0,401582689.6,61.6,140.8,75.53999999999999,106.8,543.4129177091777,0.00019052748237147177,0.00010221907683480807
Ненецкий автономный округ (Архангельская область),2015,42389.0,70.29,12.4,71.7,227193534.4,55.0,38.82,17.22,110.2,5359.728571091557,0.0009158036282997948,0.00040623746726745145
Нижегородская область,2015,3250563.0,70.11,8.3,79.4,1104643248.6,57.5,66.57,35.11,102.5,339.8313610903711,2.0479529238473455e-05,1.0801205821883778e-05
Новгородская область,2015,615245.0,68.63,7.7,71.3,234075725.6,55.3,21.06,45.8,102.7,380.4593708197547,3.423026599159684e-05,7.444188900356768e-05
Новосибирская область,2015,2761518.0,70.91,8.9,78.6,1021642902.8,59.0,96.47,138.12,101.0,369.95699568136075,3.493368502396146e-05,5.001596947765685e-05
Омская область,2015,1966641.0,70.39,9.3,72.3,618127725.2,58.6,95.3,130.0,100.4,314.306335116577,4.8458259539997386e-05,6.610255760965016e-05
Оренбургская область,2015,1967232.0,69.5,9.2,59.6,774962130.7,57.4,226.61,25.33,92.5,393.93530132694065,0.0001151923108204828,1.287595972411998e-05
Орловская область,2015,760828.0,70.34,8.6,66.3,208237918.7,56.6,5.45,4.49,100.2,273.6990735093871,7.1632484608873495e-06,5.901465245758568e-06
Пензенская область,2015,1346711.0,72.0,8.2,68.0,343328597.1,56.8,19.52,7.2,104.8,254.938585264396,1.4494572332148471e-05,5.346358647103944e-06
Пермский край,2015,2623408.0,69.06,9.1,75.7,1063780253.6,57.3,135.38,46.370000000000005,99.5,405.4955438117136,5.160463031293645e-05,1.7675481663546046e-05
Приморский край,2015,1921761.0,69.14,8.6,77.3,717609859.0,59.8,61.64,163.38,87.6,373.4126454850525,3.2074748108635775e-05,8.501577459423935e-05
Псковская область,2015,641655.0,68.35,7.6,70.3,135239497.6,55.9,13.55,12.469999999999999,102.8,210.76668552415236,2.111726706719343e-05,1.9434119581394985e-05
Республика Адыгея,2015,462600.0,72.4,9.2,50.5,84306017.5,57.0,5.15,1.5100000000000002,103.1,182.24387699956768,1.1132728058798099e-05,3.2641591007349767e-06
Республика Алтай,2015,209910.0,68.19,9.1,29.9,42165741.1,55.6,4.13,7.84,125.2,200.87533276165976,1.9675098851888904e-05,3.734934019341623e-05
Республика Башкортостан,2015,4109848.0,70.19,8.9,61.4,1316598267.2,58.3,214.06,83.34,101.3,320.35205856761615,5.2084651305839046e-05,2.027812220792594e-05
Республика Бурятия,2015,978553.0,69.1,8.5,59.3,202823397.5,58.0,53.53,97.50999999999999,101.6,207.26868907458257,5.4703219958448856e-05,9.964713204088076e-05
Республика Дагестан,2015,3018701.0,76.34,7.5,45.0,569297278.3,61.4,5.64,2.05,105.2,188.59015129355308,1.8683533082607386e-06,6.791000499883889e-07
Республика Ингушетия,2015,463232.0,78.47,8.6,45.9,50090979.1,59.1,0.23,0.01,100.4,108.13367621407848,4.965114672561482e-07,2.1587455098093396e-08
Республика Калмыкия,2015,278766.0,72.02,10.4,45.3,51958480.0,59.1,1.42,1.06,99.7,186.3874360574819,5.093878019557622e-06,3.8024723244585066e-06
Республика Карелия,2015,601899.0,68.72,9.4,79.0,212049538.8,57.2,62.7,32.39,99.7,352.30086575987,0.00010417030099734341,5.381301514041392e-05
Республика Коми,2015,831076.0,69.14,10.3,77.4,528403419.7,60.2,311.19,113.35,101.6,635.8063759511765,0.0003744422892731832,0.00013638945174689198
Республика Крым,2015,1904256.0,70.5,7.1,50.7,265970577.7,56.1,11.35,5.1899999999999995,123.0,139.67165008276197,5.960333064461921e-06,2.7254738858640854e-06
Республика Марий Эл,2015,688676.0,69.84,9.3,65.4,171689478.4,58.1,16.13,11.16,108.5,249.30370508047326,2.342175420662256e-05,1.6205007870174074e-05
Республика Мордовия,2015,812533.0,72.14,9.8,61.6,180352298.3,59.0,16.54,6.42,98.1,221.96304433173793,2.035609630624233e-05,7.901217550548717e-06
Республика Саха (Якутия),2015,960741.0,70.23,9.4,65.3,747601714.4,60.5,150.68,104.66,103.8,778.1511504141074,0.00015683727456203077,0.00010893674778113976
Республика Северная Осетия - Алания,2015,704115.0,74.03,8.7,63.7,126051166.3,57.5,2.87,0.9099999999999999,91.7,179.02070869105188,4.076038715266683e-06,1.2924025194748016e-06
Республика Татарстан (Татарстан),2015,3906797.0,72.92,7.7,76.3,1867258739.6,58.6,141.51,60.480000000000004,101.5,477.95130885991773,3.622148783261582e-05,1.5480712204908524e-05
Республика Тыва,2015,316164.0,63.14,8.3,54.5,47289593.9,55.9,10.45,18.79,105.1,149.57298712060827,3.305246644146708e-05,5.943118128566187e-05
Республика Хакасия,2015,538067.0,68.72,8.0,68.0,170413137.9,57.3,46.26,34.2,98.0,316.71360239524074,8.597442325955689e-05,6.356085766270744e-05
Ростовская область,2015,4254694.0,71.9,8.0,67.8,1189144016.3,58.1,79.13,92.95,153.2,279.4899036922514,1.8598282273648822e-05,2.1846459463359765e-05
Рязанская область,2015,1138164.0,71.48,8.7,71.0,323131804.9,56.2,48.66,32.83,97.2,283.9061900569689,4.2753065463325145e-05,2.8844700763686076e-05
Самарская область,2015,3222676.0,70.4,8.9,80.3,1264910264.8,58.2,125.2,39.39,99.4,392.5030827796527,3.884970130413358e-05,1.222276145662797e-05
Санкт-Петербург,2015,5303737.0,74.42,9.3,100.0,3387417730.2,60.3,36.44,38.69,93.0,638.6850875524182,6.8706272577241285e-06,7.294856438017194e-06
Саратовская область,2015,2518281.0,71.5,8.8,75.5,625176880.6,57.7,55.32,10.99,104.2,248.2554093844174,2.1967365834074912e-05,4.3640880425973114e-06
Сахалинская область,2015,479031.0,67.95,9.9,81.3,837495152.9,59.6,30.02,44.34,112.6,1748.3109713150088,6.266817805110734e-05,9.256185925336774e-05
Свердловская область,2015,4328434.0,69.82,7.4,84.5,1822834946.3,57.3,494.85,403.56,96.9,421.1303548350281,0.00011432541191571825,9.323464329131506e-05
Севастополь,2015,418188.0,70.76,6.2,92.4,48663257.2,57.2,0.96,0.88,372.9,116.36693831482492,2.2956182386869064e-06,2.104316718796331e-06
Смоленская область,2015,952054.0,69.64,7.9,72.5,256706829.0,58.3,20.19,10.67,101.4,269.63473605488764,2.120678028767276e-05,1.1207347482390705e-05
Ставропольский край,2015,2850555.0,73.42,8.5,58.6,621198289.9,58.8,45.06,25.830000000000002,105.7,217.92187482788438,1.580744802327968e-05,9.061393307619043e-06
Тамбовская область,2015,1055894.0,71.63,9.0,59.3,317213651.1,57.0,19.0,11.25,104.5,300.4218710400855,1.7994230481468784e-05,1.0654478574553886e-05
Тверская область,2015,1308195.0,69.09,8.0,75.2,329616031.6,56.0,26.8,23.46,97.7,251.96246094810027,2.048624249442935e-05,1.7933106302959422e-05
Томская область,2015,1073321.0,71.29,7.8,71.7,471456736.3,60.4,149.27,48.82,108.0,439.25045377850614,0.00013907302661552324,4.548499470335529e-05
Тульская область,2015,1535617.0,70.26,9.3,76.9,477537816.9,56.4,74.8,44.45,111.9,310.9745573928916,4.8710062470003914e-05,2.89460197432042e-05
Тюменская область,2015,1462199.0,70.91,,63.9,905673481.7,54.9,63.83,22.36,109.7,619.3913972721907,4.365342884244894e-05,1.5292036172914905e-05
Удмуртская Республика,2015,1502569.0,70.35,10.3,65.0,517999830.2,57.5,80.1,18.98,102.6,344.7427906472182,5.3308699966524e-05,1.2631699442754376e-05
Ульяновская область,2015,1254898.0,70.36,9.6,74.6,304479075.1,57.7,15.89,9.09,102.4,242.63252877923148,1.2662383715648602e-05,7.243616612664934e-06
Хабаровский край,2015,1333055.0,68.78,9.7,82.6,595792329.5,60.5,67.19,82.95,102.0,446.9375453375892,5.040302163076542e-05,6.222548957094794e-05
Ханты-Мансийский автономный округ - Югра (Тюменская область),2015,1624107.0,72.62,11.6,91.9,3154058740.2,61.6,689.68,114.85,97.5,1942.0264429621939,0.0004246518240485386,7.071578412013494e-05
Челябинская область,2015,3500128.0,69.9,7.7,82.5,1209242684.3,57.2,323.22,146.48,98.0,345.48527490994616,9.234519423289664e-05,4.184989806087091e-05
Чеченская Республика,2015,1382576.0,73.33,5.0,35.9,154401405.1,56.1,8.99,11.989999999999998,101.0,111.6766131482103,6.502355024244599e-06,8.672217657474163e-06
Чувашская Республика - Чувашия,2015,1230365.0,71.29,11.7,60.7,251306959.0,58.5,13.33,5.76,95.0,204.2539888569652,1.0834183352094704e-05,4.681537592503038e-06
Чукотский автономный округ,2015,49450.0,63.91,11.3,67.2,61735529.4,64.9,8.61,19.64,101.9,1248.4434661274013,0.00017411526794742162,0.00039716885743174923
Ямало-Ненецкий автономный округ (Тюменская область),2015,519245.0,71.61,11.1,84.9,1791825606.0,64.7,304.02,56.26,104.5,3450.828811062215,0.0005855039528546254,0.0001083496230103323
Ярославская область,2015,1262927.0,70.89,9.4,81.8,443054126.2,56.3,39.98,21.520000000000003,105.6,350.8153093567562,3.165661989964582e-05,1.703978139670781e-05
