open,close,high,low,value,volume,begin,end
2157.18,2172.68,2174.23,2157.18,12690309378.95,0,2023-01-03 00:00:00,2023-01-03 23:59:59
2171.54,2168.42,2179.56,2162.06,11510044721.05,0,2023-01-04 00:00:00,2023-01-04 23:59:59
2170.4,2156.67,2171.94,2154.16,9783315405.0,0,2023-01-05 00:00:00,2023-01-05 23:59:59
2157.32,2156.39,2160.08,2153.32,7622557637.8,0,2023-01-06 00:00:00,2023-01-06 23:59:59
2163.43,2163.5,2169.71,2162.01,18179113212.1,0,2023-01-09 00:00:00,2023-01-09 23:59:59
2162.7,2159.51,2162.92,2145.14,14600174654.45,0,2023-01-10 00:00:00,2023-01-10 23:59:59
2156.28,2186.98,2190.4,2153.55,35257346290.55,0,2023-01-11 00:00:00,2023-01-11 23:59:59
2193.53,2185.93,2194.8,2177.36,21456804414.0,0,2023-01-12 00:00:00,2023-01-12 23:59:59
2188.6,2199.94,2204.18,2179.82,27688238742.05,0,2023-01-13 00:00:00,2023-01-13 23:59:59
2204.64,2224.9,2224.9,2204.46,27333518945.0,0,2023-01-16 00:00:00,2023-01-16 23:59:59
2225.26,2196.84,2226.49,2196.84,31460321183.45,0,2023-01-17 00:00:00,2023-01-17 23:59:59
2188.9,2196.26,2206.66,2177.65,24434857167.75,0,2023-01-18 00:00:00,2023-01-18 23:59:59
2190.02,2168.83,2193.93,2162.11,25621313385.4,0,2023-01-19 00:00:00,2023-01-19 23:59:59
2167.61,2166.69,2173.71,2154.37,18882607247.05,0,2023-01-20 00:00:00,2023-01-20 23:59:59
2167.92,2185.31,2186.85,2164.89,23076679749.25,0,2023-01-23 00:00:00,2023-01-23 23:59:59
2191.64,2172.75,2199.29,2172.75,29120905166.5,0,2023-01-24 00:00:00,2023-01-24 23:59:59
2168.48,2170.15,2176.61,2160.76,22637391195.2,0,2023-01-25 00:00:00,2023-01-25 23:59:59
2181.96,2166.92,2183.77,2166.92,22684239621.05,0,2023-01-26 00:00:00,2023-01-26 23:59:59
2174.85,2189.35,2189.35,2167.33,22277273691.3,0,2023-01-27 00:00:00,2023-01-27 23:59:59
2193.99,2204.41,2204.41,2189.12,25349957927.0,0,2023-01-30 00:00:00,2023-01-30 23:59:59
2203.57,2225.6,2225.6,2202.76,33469998785.2,0,2023-01-31 00:00:00,2023-01-31 23:59:59
2232.02,2230.15,2247.12,2224.95,39359470583.55,0,2023-02-01 00:00:00,2023-02-01 23:59:59
2243.04,2243.54,2249.56,2228.56,32836232460.1,0,2023-02-02 00:00:00,2023-02-02 23:59:59
2239.1,2248.3,2253.7,2216.63,43326732161.75,0,2023-02-03 00:00:00,2023-02-03 23:59:59
2245.93,2272.37,2276.5,2243.77,41978396753.15,0,2023-02-06 00:00:00,2023-02-06 23:59:59
2281.69,2267.69,2290.51,2262.3,41070831270.9,0,2023-02-07 00:00:00,2023-02-07 23:59:59
2273.59,2251.97,2283.49,2244.52,36352162036.05,0,2023-02-08 00:00:00,2023-02-08 23:59:59
2258.97,2262.45,2269.96,2241.02,36719582060.2,0,2023-02-09 00:00:00,2023-02-09 23:59:59
2253.51,2261.58,2264.39,2249.62,20751973737.05,0,2023-02-10 00:00:00,2023-02-10 23:59:59
2262.65,2264.27,2271.0,2261.37,18435819331.55,0,2023-02-13 00:00:00,2023-02-13 23:59:59
2256.59,2232.23,2256.96,2225.94,31061645096.45,0,2023-02-14 00:00:00,2023-02-14 23:59:59
2216.69,2166.46,2216.69,2164.7,42803893942.3,0,2023-02-15 00:00:00,2023-02-15 23:59:59
2169.39,2153.96,2186.64,2150.17,33206834832.25,0,2023-02-16 00:00:00,2023-02-16 23:59:59
2157.5,2168.88,2180.96,2147.31,23626925959.6,0,2023-02-17 00:00:00,2023-02-17 23:59:59
2172.53,2183.57,2186.39,2140.78,30085172953.75,0,2023-02-20 00:00:00,2023-02-20 23:59:59
2184.6,2212.42,2227.82,2184.51,49606379523.4,0,2023-02-21 00:00:00,2023-02-21 23:59:59
2215.43,2212.4,2215.58,2194.99,20589616471.8,0,2023-02-22 00:00:00,2023-02-22 23:59:59
2209.1,2208.03,2223.23,2202.25,18979268125.35,0,2023-02-24 00:00:00,2023-02-24 23:59:59
2194.39,2241.1,2241.1,2188.95,36711171319.1,0,2023-02-27 00:00:00,2023-02-27 23:59:59
2246.26,2253.16,2258.68,2239.59,37023209047.6,0,2023-02-28 00:00:00,2023-02-28 23:59:59
2258.89,2279.65,2287.48,2255.45,40016502886.95,0,2023-03-01 00:00:00,2023-03-01 23:59:59
2284.87,2254.3,2286.27,2235.43,50749873558.3,0,2023-03-02 00:00:00,2023-03-02 23:59:59
2250.12,2272.2,2273.52,2249.81,26705003484.35,0,2023-03-03 00:00:00,2023-03-03 23:59:59
2286.2,2294.12,2297.86,2283.4,33614803020.6,0,2023-03-06 00:00:00,2023-03-06 23:59:59
2294.32,2295.6,2298.93,2281.46,24580193073.35,0,2023-03-07 00:00:00,2023-03-07 23:59:59
2295.03,2290.14,2302.1,2278.95,28764398015.85,0,2023-03-09 00:00:00,2023-03-09 23:59:59
2272.61,2276.25,2283.18,2266.33,28442547978.2,0,2023-03-10 00:00:00,2023-03-10 23:59:59
2279.13,2269.47,2289.7,2250.14,40590100977.2,0,2023-03-13 00:00:00,2023-03-13 23:59:59
2266.78,2290.32,2290.32,2261.65,37222691640.25,0,2023-03-14 00:00:00,2023-03-14 23:59:59
2287.16,2262.07,2295.06,2257.0,40845107270.85,0,2023-03-15 00:00:00,2023-03-15 23:59:59
2262.61,2258.22,2269.01,2236.77,35593046390.65,0,2023-03-16 00:00:00,2023-03-16 23:59:59
2284.78,2322.78,2322.78,2275.48,108087768758.2,0,2023-03-17 00:00:00,2023-03-17 23:59:59
2337.83,2397.16,2397.16,2332.8,84163284261.5,0,2023-03-20 00:00:00,2023-03-20 23:59:59
2417.43,2398.15,2431.23,2383.08,74773280093.7,0,2023-03-21 00:00:00,2023-03-21 23:59:59
2387.81,2393.88,2398.76,2374.46,34290916792.5,0,2023-03-22 00:00:00,2023-03-22 23:59:59
2386.7,2388.35,2396.5,2379.88,23579664336.45,0,2023-03-23 00:00:00,2023-03-23 23:59:59
2386.53,2391.53,2394.03,2384.29,20820009237.3,0,2023-03-24 00:00:00,2023-03-24 23:59:59
2400.84,2440.68,2440.68,2400.84,47214135240.05,0,2023-03-27 00:00:00,2023-03-27 23:59:59
2453.26,2442.19,2458.37,2421.39,41688810661.95,0,2023-03-28 00:00:00,2023-03-28 23:59:59
2449.96,2460.87,2468.48,2437.52,45339433902.8,0,2023-03-29 00:00:00,2023-03-29 23:59:59
2458.06,2465.93,2467.97,2450.46,29588518563.9,0,2023-03-30 00:00:00,2023-03-30 23:59:59
2470.12,2450.67,2472.53,2424.45,49152762590.45,0,2023-03-31 00:00:00,2023-03-31 23:59:59
2474.37,2473.32,2482.54,2463.0,48168034560.8,0,2023-04-03 00:00:00,2023-04-03 23:59:59
2483.47,2480.45,2511.49,2479.24,61460346597.1,0,2023-04-04 00:00:00,2023-04-04 23:59:59
2489.18,2500.8,2500.8,2465.77,46265010869.7,0,2023-04-05 00:00:00,2023-04-05 23:59:59
2504.06,2498.3,2521.81,2498.3,43371731593.55,0,2023-04-06 00:00:00,2023-04-06 23:59:59
2504.04,2508.39,2511.95,2491.37,28962641538.35,0,2023-04-07 00:00:00,2023-04-07 23:59:59
2523.2,2547.35,2548.41,2523.2,51000274967.7,0,2023-04-10 00:00:00,2023-04-10 23:59:59
2560.04,2533.69,2577.51,2515.83,82411991848.0,0,2023-04-11 00:00:00,2023-04-11 23:59:59
2538.62,2538.47,2554.77,2520.65,39292795917.3,0,2023-04-12 00:00:00,2023-04-12 23:59:59
2546.98,2544.28,2557.58,2528.06,31298785613.0,0,2023-04-13 00:00:00,2023-04-13 23:59:59
2546.93,2554.85,2554.85,2532.39,33758690384.55,0,2023-04-14 00:00:00,2023-04-14 23:59:59
2572.54,2596.11,2596.45,2572.54,48786704257.95,0,2023-04-17 00:00:00,2023-04-17 23:59:59
2601.34,2615.62,2615.62,2586.05,55299787219.85,0,2023-04-18 00:00:00,2023-04-18 23:59:59
2617.91,2606.55,2629.01,2584.96,75124691893.3,0,2023-04-19 00:00:00,2023-04-19 23:59:59
2600.71,2637.85,2640.78,2565.61,75946446478.25,0,2023-04-20 00:00:00,2023-04-20 23:59:59
2640.99,2639.95,2648.21,2626.94,57200329084.4,0,2023-04-21 00:00:00,2023-04-21 23:59:59
2636.76,2635.43,2651.8,2609.4,39712592822.4,0,2023-04-24 00:00:00,2023-04-24 23:59:59
2639.67,2626.86,2642.12,2619.67,32157208711.0,0,2023-04-25 00:00:00,2023-04-25 23:59:59
2625.62,2620.33,2631.13,2614.98,31901400374.2,0,2023-04-26 00:00:00,2023-04-26 23:59:59
2620.65,2646.18,2646.18,2617.04,58564323144.4,0,2023-04-27 00:00:00,2023-04-27 23:59:59
2653.93,2634.94,2657.9,2608.02,51130716753.3,0,2023-04-28 00:00:00,2023-04-28 23:59:59
2623.29,2580.51,2635.53,2560.09,63970845685.6,0,2023-05-02 00:00:00,2023-05-02 23:59:59
2585.4,2532.42,2586.17,2532.42,54409373737.95,0,2023-05-03 00:00:00,2023-05-03 23:59:59
2524.97,2524.51,2547.2,2524.36,38680596602.8,0,2023-05-04 00:00:00,2023-05-04 23:59:59
2544.47,2538.24,2555.39,2529.08,35453025873.55,0,2023-05-05 00:00:00,2023-05-05 23:59:59
2528.74,2527.59,2538.23,2513.84,20351667294.1,0,2023-05-08 00:00:00,2023-05-08 23:59:59
2483.92,2548.63,2556.67,2483.79,70959379219.55,0,2023-05-10 00:00:00,2023-05-10 23:59:59
2573.41,2595.12,2610.8,2567.98,74640203057.4,0,2023-05-11 00:00:00,2023-05-11 23:59:59
2570.65,2565.17,2584.91,2552.05,37663735250.9,0,2023-05-12 00:00:00,2023-05-12 23:59:59
2581.64,2611.07,2611.71,2581.64,43944338845.4,0,2023-05-15 00:00:00,2023-05-15 23:59:59
2645.94,2633.71,2655.73,2621.59,42646373333.2,0,2023-05-16 00:00:00,2023-05-16 23:59:59
2637.51,2634.48,2646.61,2623.15,38940434444.55,0,2023-05-17 00:00:00,2023-05-17 23:59:59
2650.12,2632.91,2658.57,2624.49,59453341862.7,0,2023-05-18 00:00:00,2023-05-18 23:59:59
2627.59,2626.16,2635.8,2612.47,58915837809.3,0,2023-05-19 00:00:00,2023-05-19 23:59:59
2648.3,2633.26,2652.97,2622.35,47631848454.95,0,2023-05-22 00:00:00,2023-05-22 23:59:59
2641.05,2641.66,2648.69,2607.63,71936165173.9,0,2023-05-23 00:00:00,2023-05-23 23:59:59
2643.73,2654.99,2659.68,2626.43,71756125244.55,0,2023-05-24 00:00:00,2023-05-24 23:59:59
2662.85,2649.98,2663.51,2631.03,66820699399.05,0,2023-05-25 00:00:00,2023-05-25 23:59:59
2650.38,2682.03,2685.14,2645.54,52536425210.15,0,2023-05-26 00:00:00,2023-05-26 23:59:59
2697.46,2732.0,2732.0,2697.46,66140079776.4,0,2023-05-29 00:00:00,2023-05-29 23:59:59
2712.04,2698.75,2748.6,2687.81,90132343989.3,0,2023-05-30 00:00:00,2023-05-30 23:59:59
2698.11,2717.64,2718.27,2676.27,58274293697.45,0,2023-05-31 00:00:00,2023-05-31 23:59:59
2720.21,2721.73,2729.97,2709.33,43398021905.95,0,2023-06-01 00:00:00,2023-06-01 23:59:59
2684.59,2719.48,2720.47,2684.59,66776774006.3,0,2023-06-02 00:00:00,2023-06-02 23:59:59
2726.17,2694.14,2738.82,2679.3,76307627682.0,0,2023-06-05 00:00:00,2023-06-05 23:59:59
2667.76,2681.25,2687.41,2628.0,76433900154.6,0,2023-06-06 00:00:00,2023-06-06 23:59:59
2690.94,2694.69,2711.72,2674.11,55873417951.1,0,2023-06-07 00:00:00,2023-06-07 23:59:59
2693.6,2709.69,2709.69,2688.31,38267334626.35,0,2023-06-08 00:00:00,2023-06-08 23:59:59
2717.2,2708.04,2721.84,2705.24,39244085182.5,0,2023-06-09 00:00:00,2023-06-09 23:59:59
2715.31,2757.28,2757.28,2715.15,52360263412.3,0,2023-06-13 00:00:00,2023-06-13 23:59:59
2777.2,2765.18,2786.06,2758.35,59477469249.1,0,2023-06-14 00:00:00,2023-06-14 23:59:59
2776.77,2800.17,2809.42,2764.89,70674603849.85,0,2023-06-15 00:00:00,2023-06-15 23:59:59
2809.28,2800.79,2813.74,2783.71,46090977475.15,0,2023-06-16 00:00:00,2023-06-16 23:59:59
2808.04,2815.07,2816.57,2783.69,67392787319.35,0,2023-06-19 00:00:00,2023-06-19 23:59:59
2810.14,2803.69,2814.72,2778.0,57147026333.9,0,2023-06-20 00:00:00,2023-06-20 23:59:59
2808.87,2819.3,2821.88,2794.68,45230035006.2,0,2023-06-21 00:00:00,2023-06-21 23:59:59
2817.3,2815.83,2820.43,2805.92,34384928911.25,0,2023-06-22 00:00:00,2023-06-22 23:59:59
2790.04,2795.06,2795.06,2767.82,44229380378.2,0,2023-06-23 00:00:00,2023-06-23 23:59:59
2771.52,2757.13,2784.28,2741.33,55763545917.45,0,2023-06-26 00:00:00,2023-06-26 23:59:59
2759.61,2776.63,2785.33,2743.07,54247868187.05,0,2023-06-27 00:00:00,2023-06-27 23:59:59
2781.1,2780.92,2787.52,2766.93,50203546474.6,0,2023-06-28 00:00:00,2023-06-28 23:59:59
2790.27,2796.41,2804.8,2783.53,45359611884.85,0,2023-06-29 00:00:00,2023-06-29 23:59:59
2796.0,2797.37,2800.12,2779.61,43918551469.5,0,2023-06-30 00:00:00,2023-06-30 23:59:59
2795.58,2793.93,2804.93,2790.81,53480309453.55,0,2023-07-03 00:00:00,2023-07-03 23:59:59
2798.02,2808.22,2808.22,2776.79,50001620295.6,0,2023-07-04 00:00:00,2023-07-04 23:59:59
2795.4,2805.0,2813.76,2795.4,40919409057.8,0,2023-07-05 00:00:00,2023-07-05 23:59:59
2816.74,2819.6,2837.49,2813.38,49025725832.85,0,2023-07-06 00:00:00,2023-07-06 23:59:59
2823.89,2832.51,2832.82,2814.38,35233849809.0,0,2023-07-07 00:00:00,2023-07-07 23:59:59
2838.85,2856.76,2864.32,2838.52,87970608406.8,0,2023-07-10 00:00:00,2023-07-10 23:59:59
2865.64,2860.33,2867.36,2851.01,54684261681.0,0,2023-07-11 00:00:00,2023-07-11 23:59:59
2870.61,2896.83,2897.28,2870.61,49227664370.65,0,2023-07-12 00:00:00,2023-07-12 23:59:59
2899.98,2885.63,2912.15,2873.0,49847140055.9,0,2023-07-13 00:00:00,2023-07-13 23:59:59
2882.96,2902.72,2902.72,2874.44,39987004923.45,0,2023-07-14 00:00:00,2023-07-14 23:59:59
2889.09,2917.61,2917.72,2880.11,53443542845.8,0,2023-07-17 00:00:00,2023-07-17 23:59:59
2923.69,2954.52,2955.81,2922.74,77193330616.55,0,2023-07-18 00:00:00,2023-07-18 23:59:59
2959.41,2943.43,2966.72,2938.66,58857210252.15,0,2023-07-19 00:00:00,2023-07-19 23:59:59
2947.08,2917.48,2947.29,2905.02,61399540098.3,0,2023-07-20 00:00:00,2023-07-20 23:59:59
2890.45,2923.54,2925.54,2889.78,45191958198.35,0,2023-07-21 00:00:00,2023-07-21 23:59:59
2929.23,2937.47,2947.17,2925.1,44299432857.5,0,2023-07-24 00:00:00,2023-07-24 23:59:59
2948.87,2975.36,2975.36,2943.74,53262100574.35,0,2023-07-25 00:00:00,2023-07-25 23:59:59
2974.21,2970.42,2982.47,2954.9,56856463588.0,0,2023-07-26 00:00:00,2023-07-26 23:59:59
2975.52,2987.85,2992.47,2975.52,62041044277.65,0,2023-07-27 00:00:00,2023-07-27 23:59:59
2986.35,3008.61,3008.61,2978.12,52041795977.65,0,2023-07-28 00:00:00,2023-07-28 23:59:59
3026.93,3073.5,3073.5,3026.93,97511677780.55,0,2023-07-31 00:00:00,2023-07-31 23:59:59
3085.97,3093.64,3114.56,3055.25,103557085530.9,0,2023-08-01 00:00:00,2023-08-01 23:59:59
3096.72,3106.46,3123.45,3080.63,67996962269.65,0,2023-08-02 00:00:00,2023-08-02 23:59:59
3111.7,3147.8,3150.28,3094.27,90891719857.2,0,2023-08-03 00:00:00,2023-08-03 23:59:59
3158.53,3092.44,3194.83,3073.69,150969000582.9,0,2023-08-04 00:00:00,2023-08-04 23:59:59
3120.54,3084.08,3153.6,3084.08,72453714916.85,0,2023-08-07 00:00:00,2023-08-07 23:59:59
3077.63,3085.31,3092.54,3026.72,76068844687.75,0,2023-08-08 00:00:00,2023-08-08 23:59:59
3106.03,3099.52,3120.25,3083.77,52718489763.7,0,2023-08-09 00:00:00,2023-08-09 23:59:59
3122.06,3148.86,3148.86,3115.85,76284260011.95,0,2023-08-10 00:00:00,2023-08-10 23:59:59
3158.59,3155.51,3163.47,3138.04,58933369741.8,0,2023-08-11 00:00:00,2023-08-11 23:59:59
3186.47,3131.0,3225.78,3117.31,145236568216.0,0,2023-08-14 00:00:00,2023-08-14 23:59:59
3083.32,3115.25,3163.74,3068.66,101365702525.95,0,2023-08-15 00:00:00,2023-08-15 23:59:59
3109.46,3049.46,3122.34,3015.57,102092119719.0,0,2023-08-16 00:00:00,2023-08-16 23:59:59
3069.81,3059.02,3076.31,3031.73,58197839880.9,0,2023-08-17 00:00:00,2023-08-17 23:59:59
3077.78,3111.22,3111.22,3058.01,52548201795.55,0,2023-08-18 00:00:00,2023-08-18 23:59:59
3139.29,3139.93,3150.61,3122.37,67735783243.5,0,2023-08-21 00:00:00,2023-08-21 23:59:59
3146.42,3164.25,3172.3,3124.19,83064853846.2,0,2023-08-22 00:00:00,2023-08-22 23:59:59
3180.39,3146.2,3184.17,3113.24,77548993173.5,0,2023-08-23 00:00:00,2023-08-23 23:59:59
3117.02,3137.37,3137.37,3108.17,40282143311.7,0,2023-08-24 00:00:00,2023-08-24 23:59:59
3150.03,3157.33,3158.61,3132.07,39505389067.35,0,2023-08-25 00:00:00,2023-08-25 23:59:59
3161.36,3198.72,3202.24,3161.36,63409284339.85,0,2023-08-28 00:00:00,2023-08-28 23:59:59
3205.06,3211.36,3218.4,3191.31,83871175803.25,0,2023-08-29 00:00:00,2023-08-29 23:59:59
3214.11,3212.68,3220.85,3193.18,71358246002.45,0,2023-08-30 00:00:00,2023-08-30 23:59:59
3218.48,3227.99,3234.68,3211.94,69633845179.8,0,2023-08-31 00:00:00,2023-08-31 23:59:59
3230.53,3231.35,3232.92,3214.95,54848329183.4,0,2023-09-01 00:00:00,2023-09-01 23:59:59
3242.49,3268.97,3268.97,3242.4,79115006708.75,0,2023-09-04 00:00:00,2023-09-04 23:59:59
3273.39,3264.43,3287.34,3246.46,69983337336.7,0,2023-09-05 00:00:00,2023-09-05 23:59:59
3270.84,3245.47,3270.84,3236.79,61766334286.2,0,2023-09-06 00:00:00,2023-09-06 23:59:59
3247.9,3169.07,3262.73,3145.25,110748686130.0,0,2023-09-07 00:00:00,2023-09-07 23:59:59
3178.44,3142.88,3188.77,3114.39,73021984581.6,0,2023-09-08 00:00:00,2023-09-08 23:59:59
3145.26,3122.37,3153.61,3106.92,69351105559.2,0,2023-09-11 00:00:00,2023-09-11 23:59:59
3118.14,3165.92,3165.92,3117.7,63830695936.8,0,2023-09-12 00:00:00,2023-09-12 23:59:59
3189.08,3148.32,3191.57,3148.32,49516509449.0,0,2023-09-13 00:00:00,2023-09-13 23:59:59
3144.29,3139.49,3148.5,3072.82,76786367100.8,0,2023-09-14 00:00:00,2023-09-14 23:59:59
3126.57,3152.53,3155.45,3116.72,54277283310.25,0,2023-09-15 00:00:00,2023-09-15 23:59:59
3165.06,3135.18,3177.23,3127.37,56641551167.95,0,2023-09-18 00:00:00,2023-09-18 23:59:59
3134.37,3083.85,3141.38,3054.25,91514235959.0,0,2023-09-19 00:00:00,2023-09-19 23:59:59
3061.18,3068.15,3091.05,3013.75,90455495666.3,0,2023-09-20 00:00:00,2023-09-20 23:59:59
3058.2,3019.22,3062.68,3009.89,75859453170.35,0,2023-09-21 00:00:00,2023-09-21 23:59:59
3009.87,3049.07,3051.69,2988.04,70583117751.2,0,2023-09-22 00:00:00,2023-09-22 23:59:59
3051.85,3045.39,3056.23,3025.89,43799332389.75,0,2023-09-25 00:00:00,2023-09-25 23:59:59
3034.23,3051.91,3051.91,3001.92,52669899315.15,0,2023-09-26 00:00:00,2023-09-26 23:59:59
3053.37,3067.61,3081.41,3052.59,46210933651.7,0,2023-09-27 00:00:00,2023-09-27 23:59:59
3080.81,3108.07,3108.07,3076.64,51682474548.1,0,2023-09-28 00:00:00,2023-09-28 23:59:59
3121.07,3133.26,3141.12,3106.97,66288609362.75,0,2023-09-29 00:00:00,2023-09-29 23:59:59
3141.69,3132.33,3162.53,3125.58,68632430521.25,0,2023-10-02 00:00:00,2023-10-02 23:59:59
3134.45,3143.88,3146.33,3103.63,51722739274.15,0,2023-10-03 00:00:00,2023-10-03 23:59:59
3138.62,3134.25,3154.97,3130.03,43951700148.25,0,2023-10-04 00:00:00,2023-10-04 23:59:59
3126.71,3131.76,3138.5,3112.96,41598507645.55,0,2023-10-05 00:00:00,2023-10-05 23:59:59
3138.87,3144.89,3145.01,3121.0,39498958223.9,0,2023-10-06 00:00:00,2023-10-06 23:59:59
3166.21,3174.02,3185.86,3164.63,56663325565.05,0,2023-10-09 00:00:00,2023-10-09 23:59:59
3175.08,3177.03,3182.08,3162.61,39536045222.55,0,2023-10-10 00:00:00,2023-10-10 23:59:59
3174.99,3194.12,3196.44,3168.29,66537284095.4,0,2023-10-11 00:00:00,2023-10-11 23:59:59
3130.04,3174.66,3178.5,3122.58,62686809843.5,0,2023-10-12 00:00:00,2023-10-12 23:59:59
3182.47,3192.33,3195.23,3176.17,50282533196.45,0,2023-10-13 00:00:00,2023-10-13 23:59:59
3204.81,3234.78,3235.66,3202.94,65853279415.65,0,2023-10-16 00:00:00,2023-10-16 23:59:59
3239.37,3247.15,3252.55,3228.11,72231692204.35,0,2023-10-17 00:00:00,2023-10-17 23:59:59
3252.31,3249.21,3262.54,3225.44,81213914737.85,0,2023-10-18 00:00:00,2023-10-18 23:59:59
3245.26,3255.16,3260.45,3232.16,57371834112.9,0,2023-10-19 00:00:00,2023-10-19 23:59:59
3257.85,3269.27,3269.71,3236.31,69952835836.6,0,2023-10-20 00:00:00,2023-10-20 23:59:59
3271.76,3263.68,3283.8,3248.39,67528634796.15,0,2023-10-23 00:00:00,2023-10-23 23:59:59
3256.29,3265.01,3266.59,3237.08,57858122995.95,0,2023-10-24 00:00:00,2023-10-24 23:59:59
3265.18,3265.28,3269.76,3243.25,59152443940.2,0,2023-10-25 00:00:00,2023-10-25 23:59:59
3272.71,3223.89,3283.49,3221.79,78078874145.6,0,2023-10-26 00:00:00,2023-10-26 23:59:59
3219.49,3224.18,3241.55,3185.84,71864096635.45,0,2023-10-27 00:00:00,2023-10-27 23:59:59
3232.82,3227.07,3246.0,3219.7,46028692095.7,0,2023-10-30 00:00:00,2023-10-30 23:59:59
3221.08,3200.97,3226.88,3176.53,51194409596.6,0,2023-10-31 00:00:00,2023-10-31 23:59:59
3192.96,3206.52,3214.83,3191.34,34173972609.55,0,2023-11-01 00:00:00,2023-11-01 23:59:59
3216.92,3197.22,3228.46,3197.22,44725565876.95,0,2023-11-02 00:00:00,2023-11-02 23:59:59
3207.04,3208.63,3212.81,3182.17,45527115236.0,0,2023-11-03 00:00:00,2023-11-03 23:59:59
3207.47,3235.11,3237.09,3207.1,34621931434.3,0,2023-11-06 00:00:00,2023-11-06 23:59:59
3239.98,3246.34,3246.65,3228.46,43761541279.6,0,2023-11-07 00:00:00,2023-11-07 23:59:59
3238.81,3245.43,3257.32,3233.11,51717129125.9,0,2023-11-08 00:00:00,2023-11-08 23:59:59
3241.5,3239.92,3245.11,3222.34,41676218574.1,0,2023-11-09 00:00:00,2023-11-09 23:59:59
3236.03,3242.06,3246.31,3229.1,45648433667.5,0,2023-11-10 00:00:00,2023-11-10 23:59:59
3241.31,3248.27,3251.74,3235.06,46210068912.2,0,2023-11-13 00:00:00,2023-11-13 23:59:59
3236.48,3212.39,3236.48,3192.32,60536270231.15,0,2023-11-14 00:00:00,2023-11-14 23:59:59
3195.43,3215.11,3221.22,3182.78,51510619170.35,0,2023-11-15 00:00:00,2023-11-15 23:59:59
3209.33,3189.08,3215.93,3184.97,38042327235.65,0,2023-11-16 00:00:00,2023-11-16 23:59:59
3172.78,3206.34,3208.17,3151.95,48876695171.45,0,2023-11-17 00:00:00,2023-11-17 23:59:59
3205.73,3207.36,3216.73,3194.4,39389218372.35,0,2023-11-20 00:00:00,2023-11-20 23:59:59
3198.73,3218.48,3219.11,3193.46,43450662035.45,0,2023-11-21 00:00:00,2023-11-21 23:59:59
3221.9,3230.65,3239.17,3220.37,54706914415.9,0,2023-11-22 00:00:00,2023-11-22 23:59:59
3233.09,3221.05,3238.81,3218.72,38576759503.2,0,2023-11-23 00:00:00,2023-11-23 23:59:59
3223.75,3217.76,3231.77,3203.62,48043285163.85,0,2023-11-24 00:00:00,2023-11-24 23:59:59
3220.25,3191.05,3224.61,3178.2,71973813282.4,0,2023-11-27 00:00:00,2023-11-27 23:59:59
3189.16,3196.36,3197.61,3157.55,54632481094.0,0,2023-11-28 00:00:00,2023-11-28 23:59:59
3196.75,3173.52,3200.33,3173.37,45015233407.45,0,2023-11-29 00:00:00,2023-11-29 23:59:59
3176.5,3165.79,3176.53,3146.53,50537955023.75,0,2023-11-30 00:00:00,2023-11-30 23:59:59
3155.87,3142.29,3162.97,3136.56,40584354460.75,0,2023-12-01 00:00:00,2023-12-01 23:59:59
3123.18,3114.41,3126.55,3096.28,49061478048.15,0,2023-12-04 00:00:00,2023-12-04 23:59:59
3102.3,3129.33,3134.57,3090.31,42213609509.25,0,2023-12-05 00:00:00,2023-12-05 23:59:59
3139.89,3079.5,3146.52,3077.94,59384099103.9,0,2023-12-06 00:00:00,2023-12-06 23:59:59
3065.93,3073.63,3084.5,3041.11,60418731501.35,0,2023-12-07 00:00:00,2023-12-07 23:59:59
3079.88,3079.99,3100.22,3067.46,34691761303.6,0,2023-12-08 00:00:00,2023-12-08 23:59:59
3081.88,3026.17,3082.3,3025.74,69692755380.7,0,2023-12-11 00:00:00,2023-12-11 23:59:59
3020.61,3019.89,3046.81,2992.5,61976749445.1,0,2023-12-12 00:00:00,2023-12-12 23:59:59
3011.99,3032.22,3043.42,3002.38,33872208220.5,0,2023-12-13 00:00:00,2023-12-13 23:59:59
3046.43,3008.84,3057.08,3005.94,38101096671.2,0,2023-12-14 00:00:00,2023-12-14 23:59:59
2959.29,3033.89,3037.29,2959.29,72542573400.3,0,2023-12-15 00:00:00,2023-12-15 23:59:59
3052.14,3076.26,3090.04,3048.82,61960968092.0,0,2023-12-18 00:00:00,2023-12-18 23:59:59
3084.12,3083.64,3091.26,3066.34,50806028979.9,0,2023-12-19 00:00:00,2023-12-19 23:59:59
3091.35,3104.66,3113.92,3088.74,53334930887.35,0,2023-12-20 00:00:00,2023-12-20 23:59:59
3093.46,3073.57,3095.01,3050.0,58423925406.6,0,2023-12-21 00:00:00,2023-12-21 23:59:59
3076.31,3092.58,3102.75,3075.56,59800876920.32,0,2023-12-22 00:00:00,2023-12-22 23:59:59
3095.42,3099.02,3108.14,3086.89,65851286285.35,0,2023-12-25 00:00:00,2023-12-25 23:59:59
3090.39,3094.72,3098.69,3080.92,46286441430.6,0,2023-12-26 00:00:00,2023-12-26 23:59:59
3100.99,3097.49,3112.19,3097.31,50134780900.32,0,2023-12-27 00:00:00,2023-12-27 23:59:59
3099.56,3101.99,3101.99,3081.98,50308124032.2,0,2023-12-28 00:00:00,2023-12-28 23:59:59
3092.66,3099.11,3102.08,3086.26,33360963641.32,0,2023-12-29 00:00:00,2023-12-29 23:59:59
3099.78,3130.23,3132.76,3099.1,25999773751.67,0,2024-01-03 00:00:00,2024-01-03 23:59:59
3140.66,3136.07,3144.25,3133.93,22880636623.45,0,2024-01-04 00:00:00,2024-01-04 23:59:59
3138.27,3136.37,3142.8,3128.16,20822444164.74,0,2024-01-05 00:00:00,2024-01-05 23:59:59
3140.12,3158.58,3158.82,3139.37,35541931860.41,0,2024-01-08 00:00:00,2024-01-08 23:59:59
3156.17,3155.55,3158.72,3143.03,49269572379.41,0,2024-01-09 00:00:00,2024-01-09 23:59:59
3158.35,3164.7,3174.28,3156.44,42849987789.07,0,2024-01-10 00:00:00,2024-01-10 23:59:59
3158.3,3181.25,3181.25,3148.5,75731238106.29,0,2024-01-11 00:00:00,2024-01-11 23:59:59
3182.5,3185.22,3196.98,3176.09,54148316321.9,0,2024-01-12 00:00:00,2024-01-12 23:59:59
3190.62,3184.88,3200.78,3176.73,50735907185.46,0,2024-01-15 00:00:00,2024-01-15 23:59:59
3186.77,3179.45,3187.14,3162.98,50278982619.43,0,2024-01-16 00:00:00,2024-01-16 23:59:59
3174.87,3185.23,3189.26,3169.99,47074341522.51,0,2024-01-17 00:00:00,2024-01-17 23:59:59
3188.71,3178.85,3193.54,3176.72,43119055602.56,0,2024-01-18 00:00:00,2024-01-18 23:59:59
3176.13,3166.37,3179.21,3154.46,45854909733.92,0,2024-01-19 00:00:00,2024-01-19 23:59:59
3161.44,3172.15,3179.11,3157.37,42130512576.53,0,2024-01-22 00:00:00,2024-01-22 23:59:59
3176.19,3175.74,3179.75,3166.66,45044845848.28,0,2024-01-23 00:00:00,2024-01-23 23:59:59
3176.59,3162.41,3183.7,3152.96,46503277369.16,0,2024-01-24 00:00:00,2024-01-24 23:59:59
3163.36,3157.74,3166.95,3143.89,45461201946.99,0,2024-01-25 00:00:00,2024-01-25 23:59:59
3164.55,3163.21,3171.95,3157.76,45979583256.1,0,2024-01-26 00:00:00,2024-01-26 23:59:59
3169.57,3176.61,3184.15,3169.57,46667512330.43,0,2024-01-29 00:00:00,2024-01-29 23:59:59
3181.75,3196.08,3196.15,3178.82,71884614820.82,0,2024-01-30 00:00:00,2024-01-30 23:59:59
3201.48,3214.19,3219.41,3198.83,62393378068.08,0,2024-01-31 00:00:00,2024-01-31 23:59:59
3220.43,3229.89,3233.21,3220.38,56072080314.88,0,2024-02-01 00:00:00,2024-02-01 23:59:59
3229.48,3226.35,3232.35,3215.0,58221436623.55,0,2024-02-02 00:00:00,2024-02-02 23:59:59
3218.91,3226.79,3232.38,3218.91,79772720557.48,0,2024-02-05 00:00:00,2024-02-05 23:59:59
3234.44,3238.4,3238.4,3228.78,47381481665.38,0,2024-02-06 00:00:00,2024-02-06 23:59:59
3240.57,3256.58,3259.24,3240.16,71996364667.13,0,2024-02-07 00:00:00,2024-02-07 23:59:59
3261.18,3241.81,3266.45,3236.79,93017428633.36,0,2024-02-08 00:00:00,2024-02-08 23:59:59
3231.3,3242.38,3242.38,3219.56,49774764900.27,0,2024-02-09 00:00:00,2024-02-09 23:59:59
3241.57,3248.5,3248.5,3227.7,53148275940.8,0,2024-02-12 00:00:00,2024-02-12 23:59:59
3250.3,3254.6,3259.69,3245.02,61252409706.73,0,2024-02-13 00:00:00,2024-02-13 23:59:59
3261.52,3258.14,3267.88,3251.76,61011261936.57,0,2024-02-14 00:00:00,2024-02-14 23:59:59
3249.78,3265.63,3265.83,3238.83,59605264673.06,0,2024-02-15 00:00:00,2024-02-15 23:59:59
3269.84,3242.48,3275.23,3236.42,75952339426.53,0,2024-02-16 00:00:00,2024-02-16 23:59:59
3247.46,3244.56,3253.02,3234.1,53050781619.74,0,2024-02-19 00:00:00,2024-02-19 23:59:59
3236.85,3207.49,3237.34,3206.07,64739998498.75,0,2024-02-20 00:00:00,2024-02-20 23:59:59
3173.01,3139.5,3185.8,3135.8,105014105685.64,0,2024-02-21 00:00:00,2024-02-21 23:59:59
3152.75,3142.3,3166.86,3141.88,66954855491.29,0,2024-02-22 00:00:00,2024-02-22 23:59:59
3186.06,3213.17,3213.17,3186.06,69530002768.27,0,2024-02-26 00:00:00,2024-02-26 23:59:59
3220.26,3208.99,3224.52,3203.58,55160994984.57,0,2024-02-27 00:00:00,2024-02-27 23:59:59
3215.53,3227.05,3240.29,3213.36,61902884647.06,0,2024-02-28 00:00:00,2024-02-28 23:59:59
3233.03,3256.8,3258.14,3224.09,50717302607.49,0,2024-02-29 00:00:00,2024-02-29 23:59:59
3259.0,3266.66,3269.28,3249.69,59649504551.0,0,2024-03-01 00:00:00,2024-03-01 23:59:59
3278.01,3296.75,3298.63,3277.85,86678820262.54,0,2024-03-04 00:00:00,2024-03-04 23:59:59
3305.79,3300.89,3312.41,3283.59,66185929581.91,0,2024-03-05 00:00:00,2024-03-05 23:59:59
3298.86,3310.58,3318.14,3289.25,49425403549.9,0,2024-03-06 00:00:00,2024-03-06 23:59:59
3309.31,3315.68,3317.73,3303.93,42342887170.98,0,2024-03-07 00:00:00,2024-03-07 23:59:59
3329.72,3320.31,3340.37,3318.9,63702584994.11,0,2024-03-11 00:00:00,2024-03-11 23:59:59
3320.18,3332.6,3335.41,3304.49,54192454895.39,0,2024-03-12 00:00:00,2024-03-12 23:59:59
3337.56,3320.68,3343.56,3317.19,60223172466.69,0,2024-03-13 00:00:00,2024-03-13 23:59:59
3314.66,3297.0,3318.49,3287.86,69642224630.18,0,2024-03-14 00:00:00,2024-03-14 23:59:59
3295.15,3300.07,3313.42,3292.13,49159051514.11,0,2024-03-15 00:00:00,2024-03-15 23:59:59
3305.67,3296.3,3313.05,3292.0,87440343638.56,0,2024-03-18 00:00:00,2024-03-18 23:59:59
3293.93,3264.97,3303.52,3254.3,126000973325.8,0,2024-03-19 00:00:00,2024-03-19 23:59:59
3268.87,3267.1,3286.72,3257.72,137291165836.83,0,2024-03-20 00:00:00,2024-03-20 23:59:59
3286.75,3286.69,3297.46,3259.03,108017217102.03,0,2024-03-21 00:00:00,2024-03-21 23:59:59
3289.28,3273.49,3299.19,3260.39,88262062537.11,0,2024-03-22 00:00:00,2024-03-22 23:59:59
3251.24,3281.63,3281.63,3234.95,71511600961.75,0,2024-03-25 00:00:00,2024-03-25 23:59:59
3286.2,3285.54,3291.0,3275.8,59783293439.42,0,2024-03-26 00:00:00,2024-03-26 23:59:59
3291.7,3304.09,3304.09,3280.03,51422673944.24,0,2024-03-27 00:00:00,2024-03-27 23:59:59
3308.26,3312.77,3313.59,3301.52,61649303454.67,0,2024-03-28 00:00:00,2024-03-28 23:59:59
3313.17,3332.53,3332.53,3305.22,59294620380.39,0,2024-03-29 00:00:00,2024-03-29 23:59:59
3343.66,3363.29,3367.34,3343.66,101013487719.6,0,2024-04-01 00:00:00,2024-04-01 23:59:59
3369.32,3371.29,3375.69,3357.55,80210555236.1,0,2024-04-02 00:00:00,2024-04-02 23:59:59
3381.95,3395.59,3397.33,3376.63,86023975807.27,0,2024-04-03 00:00:00,2024-04-03 23:59:59
3399.81,3407.57,3409.62,3392.06,80827897828.97,0,2024-04-04 00:00:00,2024-04-04 23:59:59
3393.2,3395.37,3401.16,3385.42,59263336534.39,0,2024-04-05 00:00:00,2024-04-05 23:59:59
3400.82,3417.38,3423.35,3400.82,72360399146.1,0,2024-04-08 00:00:00,2024-04-08 23:59:59
3423.41,3414.26,3441.18,3408.99,84388299086.8,0,2024-04-09 00:00:00,2024-04-09 23:59:59
3424.75,3439.11,3440.03,3405.46,68204100239.98,0,2024-04-10 00:00:00,2024-04-10 23:59:59
3442.84,3439.53,3455.61,3431.18,53525607759.33,0,2024-04-11 00:00:00,2024-04-11 23:59:59
3448.6,3456.24,3464.0,3446.79,63944927459.55,0,2024-04-12 00:00:00,2024-04-12 23:59:59
3456.38,3472.19,3476.98,3454.06,74215544275.99,0,2024-04-15 00:00:00,2024-04-15 23:59:59
3478.02,3462.94,3479.04,3459.45,66353162008.45,0,2024-04-16 00:00:00,2024-04-16 23:59:59
3469.57,3454.07,3476.72,3443.07,67369551423.54,0,2024-04-17 00:00:00,2024-04-17 23:59:59
3451.37,3455.82,3457.46,3436.95,56908603957.8,0,2024-04-18 00:00:00,2024-04-18 23:59:59
3458.86,3470.88,3475.13,3451.48,54079516423.77,0,2024-04-19 00:00:00,2024-04-19 23:59:59
3468.09,3479.17,3480.21,3460.58,82859286926.77,0,2024-04-22 00:00:00,2024-04-22 23:59:59
3483.26,3439.42,3487.55,3436.83,97852906259.59,0,2024-04-23 00:00:00,2024-04-23 23:59:59
3438.45,3428.93,3445.67,3423.17,59540956724.47,0,2024-04-24 00:00:00,2024-04-24 23:59:59
3429.62,3439.76,3443.74,3427.02,47461288356.07,0,2024-04-25 00:00:00,2024-04-25 23:59:59
3446.39,3449.77,3459.12,3438.06,52160044316.96,0,2024-04-26 00:00:00,2024-04-26 23:59:59
3453.63,3465.85,3467.23,3453.4,49604766719.62,0,2024-04-27 00:00:00,2024-04-27 23:59:59
3468.92,3478.08,3480.47,3467.25,31730535756.28,0,2024-04-29 00:00:00,2024-04-29 23:59:59
3481.29,3469.83,3486.3,3464.86,25464035843.12,0,2024-04-30 00:00:00,2024-04-30 23:59:59
3470.87,3442.83,3477.42,3439.58,56777352917.19,0,2024-05-02 00:00:00,2024-05-02 23:59:59
3443.49,3441.77,3450.43,3424.63,49713350092.54,0,2024-05-03 00:00:00,2024-05-03 23:59:59
3441.7,3436.05,3444.11,3418.47,68474003787.1,0,2024-05-06 00:00:00,2024-05-06 23:59:59
3405.82,3427.61,3428.37,3405.82,62217301713.07,0,2024-05-07 00:00:00,2024-05-07 23:59:59
3431.84,3432.54,3438.75,3430.1,50959000936.27,0,2024-05-08 00:00:00,2024-05-08 23:59:59
3438.5,3449.78,3452.33,3438.5,30875827113.66,0,2024-05-10 00:00:00,2024-05-10 23:59:59
3459.05,3457.11,3465.62,3448.5,62379274951.03,0,2024-05-13 00:00:00,2024-05-13 23:59:59
3465.83,3463.93,3468.28,3457.31,60647234066.33,0,2024-05-14 00:00:00,2024-05-14 23:59:59
3466.35,3470.72,3476.49,3462.86,88168220628.54,0,2024-05-15 00:00:00,2024-05-15 23:59:59
3480.48,3486.26,3490.77,3477.85,64512839673.38,0,2024-05-16 00:00:00,2024-05-16 23:59:59
3495.25,3501.89,3506.91,3490.17,67229233018.49,0,2024-05-17 00:00:00,2024-05-17 23:59:59
3516.4,3468.09,3521.72,3468.09,78261180618.47,0,2024-05-20 00:00:00,2024-05-20 23:59:59
3447.25,3428.38,3460.19,3409.92,90881736070.67,0,2024-05-21 00:00:00,2024-05-21 23:59:59
3433.36,3444.64,3449.43,3433.36,54366679137.33,0,2024-05-22 00:00:00,2024-05-22 23:59:59
3436.81,3442.79,3444.79,3407.41,76066732376.7,0,2024-05-23 00:00:00,2024-05-23 23:59:59
3438.65,3396.5,3442.36,3377.64,83826261455.52,0,2024-05-24 00:00:00,2024-05-24 23:59:59
3384.74,3299.22,3392.99,3298.21,107526898028.24,0,2024-05-27 00:00:00,2024-05-27 23:59:59
3305.11,3302.91,3347.85,3277.48,75451014221.56,0,2024-05-28 00:00:00,2024-05-28 23:59:59
3307.76,3318.03,3323.08,3284.14,63583189080.35,0,2024-05-29 00:00:00,2024-05-29 23:59:59
3332.77,3282.18,3342.59,3275.54,52811203261.99,0,2024-05-30 00:00:00,2024-05-30 23:59:59
3258.52,3217.19,3270.01,3211.19,74789122409.07,0,2024-05-31 00:00:00,2024-05-31 23:59:59
3192.3,3141.42,3217.36,3087.99,134863407059.92,0,2024-06-03 00:00:00,2024-06-03 23:59:59
3160.01,3186.93,3201.53,3138.25,76984017380.19,0,2024-06-04 00:00:00,2024-06-04 23:59:59
3217.63,3212.24,3237.53,3194.73,75207250054.54,0,2024-06-05 00:00:00,2024-06-05 23:59:59
3206.74,3192.38,3215.99,3178.21,46866503991.39,0,2024-06-06 00:00:00,2024-06-06 23:59:59
3199.75,3233.22,3268.89,3193.57,91086045033.89,0,2024-06-07 00:00:00,2024-06-07 23:59:59
3245.4,3180.94,3255.49,3180.21,69816938309.06,0,2024-06-10 00:00:00,2024-06-10 23:59:59
3178.71,3171.1,3191.27,3148.22,71342883847.77,0,2024-06-11 00:00:00,2024-06-11 23:59:59
3050.03,3171.69,3178.01,3032.05,99225234409.93,0,2024-06-13 00:00:00,2024-06-13 23:59:59
3171.78,3215.91,3219.65,3160.17,61274525935.76,0,2024-06-14 00:00:00,2024-06-14 23:59:59
3219.29,3183.68,3221.84,3183.68,53695026325.72,0,2024-06-17 00:00:00,2024-06-17 23:59:59
3171.38,3114.15,3176.01,3109.09,64497869312.31,0,2024-06-18 00:00:00,2024-06-18 23:59:59
3104.22,3027.47,3107.39,3015.84,96431284649.27,0,2024-06-19 00:00:00,2024-06-19 23:59:59
3034.39,3123.43,3123.43,2996.44,178667728065.76,0,2024-06-20 00:00:00,2024-06-20 23:59:59
3126.25,3114.35,3141.25,3096.63,57321266627.99,0,2024-06-21 00:00:00,2024-06-21 23:59:59
3109.22,3098.05,3127.64,3092.83,53508936465.92,0,2024-06-24 00:00:00,2024-06-24 23:59:59
3097.98,3111.39,3112.82,3074.51,48098553363.25,0,2024-06-25 00:00:00,2024-06-25 23:59:59
3129.01,3151.7,3156.02,3127.65,61467099536.88,0,2024-06-26 00:00:00,2024-06-26 23:59:59
3154.58,3150.32,3158.4,3122.08,57459869444.9,0,2024-06-27 00:00:00,2024-06-27 23:59:59
3150.22,3154.36,3165.31,3141.37,49111799880.19,0,2024-06-28 00:00:00,2024-06-28 23:59:59
3160.7,3186.19,3186.76,3153.93,52689785699.36,0,2024-07-01 00:00:00,2024-07-01 23:59:59
3199.03,3217.29,3221.5,3190.18,64108022119.4,0,2024-07-02 00:00:00,2024-07-02 23:59:59
3219.11,3203.07,3226.16,3196.31,66528489246.6,0,2024-07-03 00:00:00,2024-07-03 23:59:59
3190.58,3133.81,3195.67,3123.92,67804642568.03,0,2024-07-04 00:00:00,2024-07-04 23:59:59
3131.87,3149.29,3158.83,3103.49,78455302897.41,0,2024-07-05 00:00:00,2024-07-05 23:59:59
3159.18,3132.58,3174.42,3122.91,57833893115.34,0,2024-07-08 00:00:00,2024-07-08 23:59:59
3123.91,3054.07,3124.74,3050.05,82095715825.29,0,2024-07-09 00:00:00,2024-07-09 23:59:59
3044.66,2975.75,3056.98,2967.45,104732266214.36,0,2024-07-10 00:00:00,2024-07-10 23:59:59
2908.02,2992.21,2996.34,2901.61,124876150388.24,0,2024-07-11 00:00:00,2024-07-11 23:59:59
3004.64,2973.21,3022.0,2957.91,71455309280.41,0,2024-07-12 00:00:00,2024-07-12 23:59:59
2986.32,2913.48,2994.45,2910.48,81299673295.8,0,2024-07-15 00:00:00,2024-07-15 23:59:59
2914.0,2944.86,2962.11,2879.23,105077148856.9,0,2024-07-16 00:00:00,2024-07-16 23:59:59
2963.21,2947.24,2984.15,2938.47,76001368591.84,0,2024-07-17 00:00:00,2024-07-17 23:59:59
2922.77,2980.62,2980.62,2908.07,72509100456.96,0,2024-07-18 00:00:00,2024-07-18 23:59:59
2988.27,3008.24,3024.88,2974.62,76586341501.8,0,2024-07-19 00:00:00,2024-07-19 23:59:59
3023.1,3024.54,3042.14,3010.15,67161764469.53,0,2024-07-22 00:00:00,2024-07-22 23:59:59
3032.53,3028.01,3033.18,3003.69,49765369487.69,0,2024-07-23 00:00:00,2024-07-23 23:59:59
3029.12,3051.76,3054.34,3015.78,54541834247.66,0,2024-07-24 00:00:00,2024-07-24 23:59:59
3044.6,3041.37,3045.7,3019.61,45402898686.65,0,2024-07-25 00:00:00,2024-07-25 23:59:59
3034.31,2993.23,3060.68,2972.53,117295728436.57,0,2024-07-26 00:00:00,2024-07-26 23:59:59
2979.43,2906.95,2979.43,2906.95,80012163595.47,0,2024-07-29 00:00:00,2024-07-29 23:59:59
2906.66,2944.78,2951.66,2895.25,72640227262.16,0,2024-07-30 00:00:00,2024-07-30 23:59:59
2952.19,2942.68,2961.7,2927.05,54526753602.44,0,2024-07-31 00:00:00,2024-07-31 23:59:59
2950.86,2935.69,2966.66,2935.69,38981478051.05,0,2024-08-01 00:00:00,2024-08-01 23:59:59
2927.77,2899.0,2932.16,2887.3,51177304095.63,0,2024-08-02 00:00:00,2024-08-02 23:59:59
2859.12,2828.72,2868.46,2807.05,94554388275.77,0,2024-08-05 00:00:00,2024-08-05 23:59:59
2839.41,2830.75,2863.45,2814.15,56190154161.13,0,2024-08-06 00:00:00,2024-08-06 23:59:59
2840.21,2874.94,2875.45,2803.47,72944968965.92,0,2024-08-07 00:00:00,2024-08-07 23:59:59
2877.8,2852.51,2888.1,2846.93,50925758473.76,0,2024-08-08 00:00:00,2024-08-08 23:59:59
2841.82,2848.29,2867.29,2829.72,34210258006.59,0,2024-08-09 00:00:00,2024-08-09 23:59:59
2840.33,2844.77,2858.96,2814.58,52648616171.28,0,2024-08-12 00:00:00,2024-08-12 23:59:59
2858.93,2884.6,2895.28,2858.93,53550433182.7,0,2024-08-13 00:00:00,2024-08-13 23:59:59
2894.3,2871.11,2908.63,2867.64,55379302091.44,0,2024-08-14 00:00:00,2024-08-14 23:59:59
2865.45,2838.11,2868.24,2835.69,42770537783.08,0,2024-08-15 00:00:00,2024-08-15 23:59:59
2838.78,2828.2,2847.32,2825.12,35419838940.4,0,2024-08-16 00:00:00,2024-08-16 23:59:59
2819.72,2775.64,2826.24,2775.64,65134610086.68,0,2024-08-19 00:00:00,2024-08-19 23:59:59
2780.43,2768.42,2799.85,2749.26,76630352630.9,0,2024-08-20 00:00:00,2024-08-20 23:59:59
2771.15,2768.14,2783.44,2744.51,73178443981.36,0,2024-08-21 00:00:00,2024-08-21 23:59:59
2774.49,2725.75,2786.76,2725.47,92476656421.35,0,2024-08-22 00:00:00,2024-08-22 23:59:59
2718.11,2662.47,2729.27,2650.19,110196674146.95,0,2024-08-23 00:00:00,2024-08-23 23:59:59
2746.97,2763.75,2795.47,2726.98,99653396406.07,0,2024-08-26 00:00:00,2024-08-26 23:59:59
2784.24,2730.38,2800.0,2726.48,73047883312.0,0,2024-08-27 00:00:00,2024-08-27 23:59:59
2729.72,2699.98,2729.72,2664.3,94586429599.75,0,2024-08-28 00:00:00,2024-08-28 23:59:59
2714.44,2708.27,2723.5,2679.43,85021074135.97,0,2024-08-29 00:00:00,2024-08-29 23:59:59
2717.68,2650.32,2724.53,2641.08,84958860158.53,0,2024-08-30 00:00:00,2024-08-30 23:59:59
2622.55,2545.07,2627.58,2540.49,108326589865.18,0,2024-09-02 00:00:00,2024-09-02 23:59:59
2552.32,2524.38,2603.01,2512.7,117741356417.71,0,2024-09-03 00:00:00,2024-09-03 23:59:59
2539.4,2605.15,2605.15,2534.21,76906287998.23,0,2024-09-04 00:00:00,2024-09-04 23:59:59
2631.33,2621.62,2662.0,2607.52,94482305833.58,0,2024-09-05 00:00:00,2024-09-05 23:59:59
2619.23,2623.37,2648.38,2604.67,59440728924.85,0,2024-09-06 00:00:00,2024-09-06 23:59:59
2642.31,2703.17,2703.58,2642.31,71836158678.05,0,2024-09-09 00:00:00,2024-09-09 23:59:59
2722.13,2671.38,2729.73,2667.06,68662304754.42,0,2024-09-10 00:00:00,2024-09-10 23:59:59
2675.16,2668.03,2690.58,2657.77,44925881232.74,0,2024-09-11 00:00:00,2024-09-11 23:59:59
2656.31,2615.0,2656.31,2603.81,63903593629.84,0,2024-09-12 00:00:00,2024-09-12 23:59:59
2629.31,2678.99,2682.16,2582.79,122001987216.4,0,2024-09-13 00:00:00,2024-09-13 23:59:59
2696.66,2744.2,2746.11,2685.38,83013075200.0,0,2024-09-16 00:00:00,2024-09-16 23:59:59
2753.2,2774.04,2780.24,2726.91,79582960417.52,0,2024-09-17 00:00:00,2024-09-17 23:59:59
2776.38,2751.73,2784.15,2742.48,69307069306.58,0,2024-09-18 00:00:00,2024-09-18 23:59:59
2746.41,2758.91,2777.93,2735.67,70338853740.8,0,2024-09-19 00:00:00,2024-09-19 23:59:59
2760.12,2782.35,2795.72,2760.12,60484298738.62,0,2024-09-20 00:00:00,2024-09-20 23:59:59
2797.0,2819.87,2832.22,2797.0,82240145601.76,0,2024-09-23 00:00:00,2024-09-23 23:59:59
2849.0,2871.96,2871.96,2822.19,113461496980.82,0,2024-09-24 00:00:00,2024-09-24 23:59:59
2878.59,2830.11,2887.68,2829.75,109827272627.75,0,2024-09-25 00:00:00,2024-09-25 23:59:59
2819.74,2829.65,2847.78,2807.3,85196945380.32,0,2024-09-26 00:00:00,2024-09-26 23:59:59
2838.11,2858.56,2861.95,2826.89,59513508934.87,0,2024-09-27 00:00:00,2024-09-27 23:59:59
2861.37,2857.56,2889.87,2841.3,95737568417.04,0,2024-09-30 00:00:00,2024-09-30 23:59:59
2831.17,2814.19,2837.42,2792.21,98224295179.5,0,2024-10-01 00:00:00,2024-10-01 23:59:59
2823.42,2766.79,2838.77,2766.79,84560332899.84,0,2024-10-02 00:00:00,2024-10-02 23:59:59
2767.51,2782.39,2790.98,2739.92,87671468722.59,0,2024-10-03 00:00:00,2024-10-03 23:59:59
2799.96,2804.62,2818.12,2789.94,56229804004.11,0,2024-10-04 00:00:00,2024-10-04 23:59:59
2807.85,2793.84,2817.45,2779.34,54269115201.06,0,2024-10-07 00:00:00,2024-10-07 23:59:59
2786.58,2788.37,2799.3,2774.74,51851658333.37,0,2024-10-08 00:00:00,2024-10-08 23:59:59
2787.38,2748.81,2790.14,2748.81,57169478963.14,0,2024-10-09 00:00:00,2024-10-09 23:59:59
2754.16,2761.54,2775.86,2752.24,46545077193.42,0,2024-10-10 00:00:00,2024-10-10 23:59:59
2758.11,2754.52,2763.0,2737.96,47511181067.78,0,2024-10-11 00:00:00,2024-10-11 23:59:59
2744.93,2773.36,2788.18,2723.3,79902621806.91,0,2024-10-14 00:00:00,2024-10-14 23:59:59
2774.56,2805.79,2810.13,2766.79,58693120361.44,0,2024-10-15 00:00:00,2024-10-15 23:59:59
2805.98,2783.46,2827.15,2781.28,64909278303.74,0,2024-10-16 00:00:00,2024-10-16 23:59:59
2786.82,2763.53,2795.14,2763.53,50966828617.82,0,2024-10-17 00:00:00,2024-10-17 23:59:59
2756.3,2751.9,2770.45,2744.36,51860633640.68,0,2024-10-18 00:00:00,2024-10-18 23:59:59
2759.58,2767.71,2779.73,2759.58,56778263660.35,0,2024-10-21 00:00:00,2024-10-21 23:59:59
2772.23,2755.19,2783.82,2754.08,51686245338.62,0,2024-10-22 00:00:00,2024-10-22 23:59:59
2749.53,2734.93,2755.22,2730.49,58973318264.93,0,2024-10-23 00:00:00,2024-10-23 23:59:59
2723.04,2718.42,2730.58,2690.83,59473925689.49,0,2024-10-24 00:00:00,2024-10-24 23:59:59
2723.01,2660.36,2751.23,2657.31,122703298567.75,0,2024-10-25 00:00:00,2024-10-25 23:59:59
2635.95,2575.06,2652.12,2570.2,107753511272.85,0,2024-10-28 00:00:00,2024-10-28 23:59:59
2582.29,2599.66,2612.94,2557.65,84296601420.53,0,2024-10-29 00:00:00,2024-10-29 23:59:59
2608.5,2615.38,2631.8,2592.15,63201741080.99,0,2024-10-30 00:00:00,2024-10-30 23:59:59
2582.47,2560.2,2593.11,2551.2,71471789145.84,0,2024-10-31 00:00:00,2024-10-31 23:59:59
2562.49,2574.71,2581.47,2541.82,69804796929.25,0,2024-11-01 00:00:00,2024-11-01 23:59:59
2579.11,2594.38,2603.1,2579.11,35242560105.29,0,2024-11-02 00:00:00,2024-11-02 23:59:59
2614.13,2616.51,2624.13,2600.48,47706690692.71,0,2024-11-05 00:00:00,2024-11-05 23:59:59
2676.85,2662.87,2712.29,2650.6,136880845463.0,0,2024-11-06 00:00:00,2024-11-06 23:59:59
2662.87,2690.63,2693.93,2633.59,75952754512.47,0,2024-11-07 00:00:00,2024-11-07 23:59:59
2721.64,2734.56,2749.62,2713.5,91380332226.12,0,2024-11-08 00:00:00,2024-11-08 23:59:59
2782.97,2785.31,2797.94,2765.18,117885566768.21,0,2024-11-11 00:00:00,2024-11-11 23:59:59
2779.92,2756.76,2779.92,2747.76,76121460720.21,0,2024-11-12 00:00:00,2024-11-12 23:59:59
2748.61,2763.99,2771.67,2740.17,72750219157.41,0,2024-11-13 00:00:00,2024-11-13 23:59:59
2740.53,2697.47,2740.53,2694.56,72939358165.15,0,2024-11-14 00:00:00,2024-11-14 23:59:59
2703.67,2739.21,2740.08,2697.44,67367423375.4,0,2024-11-15 00:00:00,2024-11-15 23:59:59
2703.31,2720.77,2729.49,2687.45,94834420304.36,0,2024-11-18 00:00:00,2024-11-18 23:59:59
2713.73,2630.51,2716.38,2623.59,118720117088.93,0,2024-11-19 00:00:00,2024-11-19 23:59:59
2640.09,2596.89,2665.79,2596.06,92951735017.04,0,2024-11-20 00:00:00,2024-11-20 23:59:59
2596.85,2568.6,2606.14,2557.54,106854126928.31,0,2024-11-21 00:00:00,2024-11-21 23:59:59
2617.66,2581.05,2628.5,2577.0,86859377531.06,0,2024-11-22 00:00:00,2024-11-22 23:59:59
2583.42,2530.69,2592.89,2517.58,90550582870.33,0,2024-11-25 00:00:00,2024-11-25 23:59:59
2521.89,2464.35,2544.83,2455.47,130236296225.19,0,2024-11-26 00:00:00,2024-11-26 23:59:59
2468.73,2491.88,2512.59,2426.02,167846867706.32,0,2024-11-27 00:00:00,2024-11-27 23:59:59
2530.87,2547.88,2560.55,2502.0,112723609734.02,0,2024-11-28 00:00:00,2024-11-28 23:59:59
2546.13,2578.0,2581.88,2533.99,106300055910.89,0,2024-11-29 00:00:00,2024-11-29 23:59:59
2584.19,2586.74,2600.28,2578.52,81910300544.3,0,2024-12-02 00:00:00,2024-12-02 23:59:59
2585.34,2539.64,2588.87,2523.54,77669897357.02,0,2024-12-03 00:00:00,2024-12-03 23:59:59
2538.24,2485.62,2555.99,2482.37,86617126357.72,0,2024-12-04 00:00:00,2024-12-04 23:59:59
2473.75,2510.83,2525.45,2438.84,115562958918.94,0,2024-12-05 00:00:00,2024-12-05 23:59:59
2527.04,2536.23,2552.6,2505.9,89323737028.4,0,2024-12-06 00:00:00,2024-12-06 23:59:59
2548.08,2572.89,2586.31,2543.94,73923620135.87,0,2024-12-09 00:00:00,2024-12-09 23:59:59
2570.01,2522.75,2570.01,2515.76,78006621722.54,0,2024-12-10 00:00:00,2024-12-10 23:59:59
2514.78,2512.54,2531.95,2499.82,62860892861.29,0,2024-12-11 00:00:00,2024-12-11 23:59:59
2526.66,2492.63,2548.06,2488.08,70292788307.46,0,2024-12-12 00:00:00,2024-12-12 23:59:59
2478.78,2485.2,2487.42,2466.73,57518220727.43,0,2024-12-13 00:00:00,2024-12-13 23:59:59
2474.62,2420.3,2474.62,2419.57,74593167173.6,0,2024-12-16 00:00:00,2024-12-16 23:59:59
2391.49,2377.15,2414.17,2370.28,70220415247.65,0,2024-12-17 00:00:00,2024-12-17 23:59:59
